id1,id2,dor
0,4000,1
1,4001,1
2,4002,1
3,4003,1
4,4004,1
5,4005,1
6,4006,1
7,4007,1
8,4008,1
9,4009,1
10,4010,1
11,4011,1
12,4012,1
13,4013,1
14,4014,1
15,4015,1
16,4016,1
17,4017,1
18,4018,1
19,4019,1
20,4020,1
21,4021,1
22,4022,1
23,4023,1
24,4024,1
25,4025,1
26,4026,1
27,4027,1
28,4028,1
29,4029,1
30,4030,1
31,4031,1
32,4032,1
33,4033,1
34,4034,1
35,4035,1
36,4036,1
37,4037,1
38,4038,1
39,4039,1
40,4040,1
41,4041,1
42,4042,1
43,4043,1
44,4044,1
45,4045,1
46,4046,1
47,4047,1
48,4048,1
49,4049,1
50,4050,1
51,4051,1
52,4052,1
53,4053,1
54,4054,1
55,4055,1
56,4056,1
57,4057,1
58,4058,1
59,4059,1
60,4060,1
61,4061,1
62,4062,1
63,4063,1
64,4064,1
65,4065,1
66,4066,1
67,4067,1
68,4068,1
69,4069,1
70,4070,1
71,4071,1
72,4072,1
73,4073,1
74,4074,1
75,4075,1
76,4076,1
77,4077,1
78,4078,1
79,4079,1
80,4080,1
81,4081,1
82,4082,1
83,4083,1
84,4084,1
85,4085,1
86,4086,1
87,4087,1
88,4088,1
89,4089,1
90,4090,1
91,4091,1
92,4092,1
93,4093,1
94,4094,1
95,4095,1
96,4096,1
97,4097,1
98,4098,1
99,4099,1
100,4100,1
101,4101,1
102,4102,1
103,4103,1
104,4104,1
105,4105,1
106,4106,1
107,4107,1
108,4108,1
109,4109,1
110,4110,1
111,4111,1
112,4112,1
113,4113,1
114,4114,1
115,4115,1
116,4116,1
117,4117,1
118,4118,1
119,4119,1
120,4120,1
121,4121,1
122,4122,1
123,4123,1
124,4124,1
125,4125,1
126,4126,1
127,4127,1
128,4128,1
129,4129,1
130,4130,1
131,4131,1
132,4132,1
133,4133,1
134,4134,1
135,4135,1
136,4136,1
137,4137,1
138,4138,1
139,4139,1
140,4140,1
141,4141,1
142,4142,1
143,4143,1
144,4144,1
145,4145,1
146,4146,1
147,4147,1
148,4148,1
149,4149,1
150,4150,1
151,4151,1
152,4152,1
153,4153,1
154,4154,1
155,4155,1
156,4156,1
157,4157,1
158,4158,1
159,4159,1
160,4160,1
161,4161,1
162,4162,1
163,4163,1
164,4164,1
165,4165,1
166,4166,1
167,4167,1
168,4168,1
169,4169,1
170,4170,1
171,4171,1
172,4172,1
173,4173,1
174,4174,1
175,4175,1
176,4176,1
177,4177,1
178,4178,1
179,4179,1
180,4180,1
181,4181,1
182,4182,1
183,4183,1
184,4184,1
185,4185,1
186,4186,1
187,4187,1
188,4188,1
189,4189,1
190,4190,1
191,4191,1
192,4192,1
193,4193,1
194,4194,1
195,4195,1
196,4196,1
197,4197,1
198,4198,1
199,4199,1
200,4200,1
201,4201,1
202,4202,1
203,4203,1
204,4204,1
205,4205,1
206,4206,1
207,4207,1
208,4208,1
209,4209,1
210,4210,1
211,4211,1
212,4212,1
213,4213,1
214,4214,1
215,4215,1
216,4216,1
217,4217,1
218,4218,1
219,4219,1
220,4220,1
221,4221,1
222,4222,1
223,4223,1
224,4224,1
225,4225,1
226,4226,1
227,4227,1
228,4228,1
229,4229,1
230,4230,1
231,4231,1
232,4232,1
233,4233,1
234,4234,1
235,4235,1
236,4236,1
237,4237,1
238,4238,1
239,4239,1
240,4240,1
241,4241,1
242,4242,1
243,4243,1
244,4244,1
245,4245,1
246,4246,1
247,4247,1
248,4248,1
249,4249,1
250,4250,1
251,4251,1
252,4252,1
253,4253,1
254,4254,1
255,4255,1
256,4256,1
257,4257,1
258,4258,1
259,4259,1
260,4260,1
261,4261,1
262,4262,1
263,4263,1
264,4264,1
265,4265,1
266,4266,1
267,4267,1
268,4268,1
269,4269,1
270,4270,1
271,4271,1
272,4272,1
273,4273,1
274,4274,1
275,4275,1
276,4276,1
277,4277,1
278,4278,1
279,4279,1
280,4280,1
281,4281,1
282,4282,1
283,4283,1
284,4284,1
285,4285,1
286,4286,1
287,4287,1
288,4288,1
289,4289,1
290,4290,1
291,4291,1
292,4292,1
293,4293,1
294,4294,1
295,4295,1
296,4296,1
297,4297,1
298,4298,1
299,4299,1
300,4300,1
301,4301,1
302,4302,1
303,4303,1
304,4304,1
305,4305,1
306,4306,1
307,4307,1
308,4308,1
309,4309,1
310,4310,1
311,4311,1
312,4312,1
313,4313,1
314,4314,1
315,4315,1
316,4316,1
317,4317,1
318,4318,1
319,4319,1
320,4320,1
321,4321,1
322,4322,1
323,4323,1
324,4324,1
325,4325,1
326,4326,1
327,4327,1
328,4328,1
329,4329,1
330,4330,1
331,4331,1
332,4332,1
333,4333,1
334,4334,1
335,4335,1
336,4336,1
337,4337,1
338,4338,1
339,4339,1
340,4340,1
341,4341,1
342,4342,1
343,4343,1
344,4344,1
345,4345,1
346,4346,1
347,4347,1
348,4348,1
349,4349,1
350,4350,1
351,4351,1
352,4352,1
353,4353,1
354,4354,1
355,4355,1
356,4356,1
357,4357,1
358,4358,1
359,4359,1
360,4360,1
361,4361,1
362,4362,1
363,4363,1
364,4364,1
365,4365,1
366,4366,1
367,4367,1
368,4368,1
369,4369,1
370,4370,1
371,4371,1
372,4372,1
373,4373,1
374,4374,1
375,4375,1
376,4376,1
377,4377,1
378,4378,1
379,4379,1
380,4380,1
381,4381,1
382,4382,1
383,4383,1
384,4384,1
385,4385,1
386,4386,1
387,4387,1
388,4388,1
389,4389,1
390,4390,1
391,4391,1
392,4392,1
393,4393,1
394,4394,1
395,4395,1
396,4396,1
397,4397,1
398,4398,1
399,4399,1
400,4400,1
401,4401,1
402,4402,1
403,4403,1
404,4404,1
405,4405,1
406,4406,1
407,4407,1
408,4408,1
409,4409,1
410,4410,1
411,4411,1
412,4412,1
413,4413,1
414,4414,1
415,4415,1
416,4416,1
417,4417,1
418,4418,1
419,4419,1
420,4420,1
421,4421,1
422,4422,1
423,4423,1
424,4424,1
425,4425,1
426,4426,1
427,4427,1
428,4428,1
429,4429,1
430,4430,1
431,4431,1
432,4432,1
433,4433,1
434,4434,1
435,4435,1
436,4436,1
437,4437,1
438,4438,1
439,4439,1
440,4440,1
441,4441,1
442,4442,1
443,4443,1
444,4444,1
445,4445,1
446,4446,1
447,4447,1
448,4448,1
449,4449,1
450,4450,1
451,4451,1
452,4452,1
453,4453,1
454,4454,1
455,4455,1
456,4456,1
457,4457,1
458,4458,1
459,4459,1
460,4460,1
461,4461,1
462,4462,1
463,4463,1
464,4464,1
465,4465,1
466,4466,1
467,4467,1
468,4468,1
469,4469,1
470,4470,1
471,4471,1
472,4472,1
473,4473,1
474,4474,1
475,4475,1
476,4476,1
477,4477,1
478,4478,1
479,4479,1
480,4480,1
481,4481,1
482,4482,1
483,4483,1
484,4484,1
485,4485,1
486,4486,1
487,4487,1
488,4488,1
489,4489,1
490,4490,1
491,4491,1
492,4492,1
493,4493,1
494,4494,1
495,4495,1
496,4496,1
497,4497,1
498,4498,1
499,4499,1
500,4500,1
501,4501,1
502,4502,1
503,4503,1
504,4504,1
505,4505,1
506,4506,1
507,4507,1
508,4508,1
509,4509,1
510,4510,1
511,4511,1
512,4512,1
513,4513,1
514,4514,1
515,4515,1
516,4516,1
517,4517,1
518,4518,1
519,4519,1
520,4520,1
521,4521,1
522,4522,1
523,4523,1
524,4524,1
525,4525,1
526,4526,1
527,4527,1
528,4528,1
529,4529,1
530,4530,1
531,4531,1
532,4532,1
533,4533,1
534,4534,1
535,4535,1
536,4536,1
537,4537,1
538,4538,1
539,4539,1
540,4540,1
541,4541,1
542,4542,1
543,4543,1
544,4544,1
545,4545,1
546,4546,1
547,4547,1
548,4548,1
549,4549,1
550,4550,1
551,4551,1
552,4552,1
553,4553,1
554,4554,1
555,4555,1
556,4556,1
557,4557,1
558,4558,1
559,4559,1
560,4560,1
561,4561,1
562,4562,1
563,4563,1
564,4564,1
565,4565,1
566,4566,1
567,4567,1
568,4568,1
569,4569,1
570,4570,1
571,4571,1
572,4572,1
573,4573,1
574,4574,1
575,4575,1
576,4576,1
577,4577,1
578,4578,1
579,4579,1
580,4580,1
581,4581,1
582,4582,1
583,4583,1
584,4584,1
585,4585,1
586,4586,1
587,4587,1
588,4588,1
589,4589,1
590,4590,1
591,4591,1
592,4592,1
593,4593,1
594,4594,1
595,4595,1
596,4596,1
597,4597,1
598,4598,1
599,4599,1
600,4600,1
601,4601,1
602,4602,1
603,4603,1
604,4604,1
605,4605,1
606,4606,1
607,4607,1
608,4608,1
609,4609,1
610,4610,1
611,4611,1
612,4612,1
613,4613,1
614,4614,1
615,4615,1
616,4616,1
617,4617,1
618,4618,1
619,4619,1
620,4620,1
621,4621,1
622,4622,1
623,4623,1
624,4624,1
625,4625,1
626,4626,1
627,4627,1
628,4628,1
629,4629,1
630,4630,1
631,4631,1
632,4632,1
633,4633,1
634,4634,1
635,4635,1
636,4636,1
637,4637,1
638,4638,1
639,4639,1
640,4640,1
641,4641,1
642,4642,1
643,4643,1
644,4644,1
645,4645,1
646,4646,1
647,4647,1
648,4648,1
649,4649,1
650,4650,1
651,4651,1
652,4652,1
653,4653,1
654,4654,1
655,4655,1
656,4656,1
657,4657,1
658,4658,1
659,4659,1
660,4660,1
661,4661,1
662,4662,1
663,4663,1
664,4664,1
665,4665,1
666,4666,1
667,4667,1
668,4668,1
669,4669,1
670,4670,1
671,4671,1
672,4672,1
673,4673,1
674,4674,1
675,4675,1
676,4676,1
677,4677,1
678,4678,1
679,4679,1
680,4680,1
681,4681,1
682,4682,1
683,4683,1
684,4684,1
685,4685,1
686,4686,1
687,4687,1
688,4688,1
689,4689,1
690,4690,1
691,4691,1
692,4692,1
693,4693,1
694,4694,1
695,4695,1
696,4696,1
697,4697,1
698,4698,1
699,4699,1
700,4700,1
701,4701,1
702,4702,1
703,4703,1
704,4704,1
705,4705,1
706,4706,1
707,4707,1
708,4708,1
709,4709,1
710,4710,1
711,4711,1
712,4712,1
713,4713,1
714,4714,1
715,4715,1
716,4716,1
717,4717,1
718,4718,1
719,4719,1
720,4720,1
721,4721,1
722,4722,1
723,4723,1
724,4724,1
725,4725,1
726,4726,1
727,4727,1
728,4728,1
729,4729,1
730,4730,1
731,4731,1
732,4732,1
733,4733,1
734,4734,1
735,4735,1
736,4736,1
737,4737,1
738,4738,1
739,4739,1
740,4740,1
741,4741,1
742,4742,1
743,4743,1
744,4744,1
745,4745,1
746,4746,1
747,4747,1
748,4748,1
749,4749,1
750,4750,1
751,4751,1
752,4752,1
753,4753,1
754,4754,1
755,4755,1
756,4756,1
757,4757,1
758,4758,1
759,4759,1
760,4760,1
761,4761,1
762,4762,1
763,4763,1
764,4764,1
765,4765,1
766,4766,1
767,4767,1
768,4768,1
769,4769,1
770,4770,1
771,4771,1
772,4772,1
773,4773,1
774,4774,1
775,4775,1
776,4776,1
777,4777,1
778,4778,1
779,4779,1
780,4780,1
781,4781,1
782,4782,1
783,4783,1
784,4784,1
785,4785,1
786,4786,1
787,4787,1
788,4788,1
789,4789,1
790,4790,1
791,4791,1
792,4792,1
793,4793,1
794,4794,1
795,4795,1
796,4796,1
797,4797,1
798,4798,1
799,4799,1
800,4800,1
801,4801,1
802,4802,1
803,4803,1
804,4804,1
805,4805,1
806,4806,1
807,4807,1
808,4808,1
809,4809,1
810,4810,1
811,4811,1
812,4812,1
813,4813,1
814,4814,1
815,4815,1
816,4816,1
817,4817,1
818,4818,1
819,4819,1
820,4820,1
821,4821,1
822,4822,1
823,4823,1
824,4824,1
825,4825,1
826,4826,1
827,4827,1
828,4828,1
829,4829,1
830,4830,1
831,4831,1
832,4832,1
833,4833,1
834,4834,1
835,4835,1
836,4836,1
837,4837,1
838,4838,1
839,4839,1
840,4840,1
841,4841,1
842,4842,1
843,4843,1
844,4844,1
845,4845,1
846,4846,1
847,4847,1
848,4848,1
849,4849,1
850,4850,1
851,4851,1
852,4852,1
853,4853,1
854,4854,1
855,4855,1
856,4856,1
857,4857,1
858,4858,1
859,4859,1
860,4860,1
861,4861,1
862,4862,1
863,4863,1
864,4864,1
865,4865,1
866,4866,1
867,4867,1
868,4868,1
869,4869,1
870,4870,1
871,4871,1
872,4872,1
873,4873,1
874,4874,1
875,4875,1
876,4876,1
877,4877,1
878,4878,1
879,4879,1
880,4880,1
881,4881,1
882,4882,1
883,4883,1
884,4884,1
885,4885,1
886,4886,1
887,4887,1
888,4888,1
889,4889,1
890,4890,1
891,4891,1
892,4892,1
893,4893,1
894,4894,1
895,4895,1
896,4896,1
897,4897,1
898,4898,1
899,4899,1
900,4900,1
901,4901,1
902,4902,1
903,4903,1
904,4904,1
905,4905,1
906,4906,1
907,4907,1
908,4908,1
909,4909,1
910,4910,1
911,4911,1
912,4912,1
913,4913,1
914,4914,1
915,4915,1
916,4916,1
917,4917,1
918,4918,1
919,4919,1
920,4920,1
921,4921,1
922,4922,1
923,4923,1
924,4924,1
925,4925,1
926,4926,1
927,4927,1
928,4928,1
929,4929,1
930,4930,1
931,4931,1
932,4932,1
933,4933,1
934,4934,1
935,4935,1
936,4936,1
937,4937,1
938,4938,1
939,4939,1
940,4940,1
941,4941,1
942,4942,1
943,4943,1
944,4944,1
945,4945,1
946,4946,1
947,4947,1
948,4948,1
949,4949,1
950,4950,1
951,4951,1
952,4952,1
953,4953,1
954,4954,1
955,4955,1
956,4956,1
957,4957,1
958,4958,1
959,4959,1
960,4960,1
961,4961,1
962,4962,1
963,4963,1
964,4964,1
965,4965,1
966,4966,1
967,4967,1
968,4968,1
969,4969,1
970,4970,1
971,4971,1
972,4972,1
973,4973,1
974,4974,1
975,4975,1
976,4976,1
977,4977,1
978,4978,1
979,4979,1
980,4980,1
981,4981,1
982,4982,1
983,4983,1
984,4984,1
985,4985,1
986,4986,1
987,4987,1
988,4988,1
989,4989,1
990,4990,1
991,4991,1
992,4992,1
993,4993,1
994,4994,1
995,4995,1
996,4996,1
997,4997,1
998,4998,1
999,4999,1
1000,5000,1
1001,5001,1
1002,5002,1
1003,5003,1
1004,5004,1
1005,5005,1
1006,5006,1
1007,5007,1
1008,5008,1
1009,5009,1
1010,5010,1
1011,5011,1
1012,5012,1
1013,5013,1
1014,5014,1
1015,5015,1
1016,5016,1
1017,5017,1
1018,5018,1
1019,5019,1
1020,5020,1
1021,5021,1
1022,5022,1
1023,5023,1
1024,5024,1
1025,5025,1
1026,5026,1
1027,5027,1
1028,5028,1
1029,5029,1
1030,5030,1
1031,5031,1
1032,5032,1
1033,5033,1
1034,5034,1
1035,5035,1
1036,5036,1
1037,5037,1
1038,5038,1
1039,5039,1
1040,5040,1
1041,5041,1
1042,5042,1
1043,5043,1
1044,5044,1
1045,5045,1
1046,5046,1
1047,5047,1
1048,5048,1
1049,5049,1
1050,5050,1
1051,5051,1
1052,5052,1
1053,5053,1
1054,5054,1
1055,5055,1
1056,5056,1
1057,5057,1
1058,5058,1
1059,5059,1
1060,5060,1
1061,5061,1
1062,5062,1
1063,5063,1
1064,5064,1
1065,5065,1
1066,5066,1
1067,5067,1
1068,5068,1
1069,5069,1
1070,5070,1
1071,5071,1
1072,5072,1
1073,5073,1
1074,5074,1
1075,5075,1
1076,5076,1
1077,5077,1
1078,5078,1
1079,5079,1
1080,5080,1
1081,5081,1
1082,5082,1
1083,5083,1
1084,5084,1
1085,5085,1
1086,5086,1
1087,5087,1
1088,5088,1
1089,5089,1
1090,5090,1
1091,5091,1
1092,5092,1
1093,5093,1
1094,5094,1
1095,5095,1
1096,5096,1
1097,5097,1
1098,5098,1
1099,5099,1
1100,5100,1
1101,5101,1
1102,5102,1
1103,5103,1
1104,5104,1
1105,5105,1
1106,5106,1
1107,5107,1
1108,5108,1
1109,5109,1
1110,5110,1
1111,5111,1
1112,5112,1
1113,5113,1
1114,5114,1
1115,5115,1
1116,5116,1
1117,5117,1
1118,5118,1
1119,5119,1
1120,5120,1
1121,5121,1
1122,5122,1
1123,5123,1
1124,5124,1
1125,5125,1
1126,5126,1
1127,5127,1
1128,5128,1
1129,5129,1
1130,5130,1
1131,5131,1
1132,5132,1
1133,5133,1
1134,5134,1
1135,5135,1
1136,5136,1
1137,5137,1
1138,5138,1
1139,5139,1
1140,5140,1
1141,5141,1
1142,5142,1
1143,5143,1
1144,5144,1
1145,5145,1
1146,5146,1
1147,5147,1
1148,5148,1
1149,5149,1
1150,5150,1
1151,5151,1
1152,5152,1
1153,5153,1
1154,5154,1
1155,5155,1
1156,5156,1
1157,5157,1
1158,5158,1
1159,5159,1
1160,5160,1
1161,5161,1
1162,5162,1
1163,5163,1
1164,5164,1
1165,5165,1
1166,5166,1
1167,5167,1
1168,5168,1
1169,5169,1
1170,5170,1
1171,5171,1
1172,5172,1
1173,5173,1
1174,5174,1
1175,5175,1
1176,5176,1
1177,5177,1
1178,5178,1
1179,5179,1
1180,5180,1
1181,5181,1
1182,5182,1
1183,5183,1
1184,5184,1
1185,5185,1
1186,5186,1
1187,5187,1
1188,5188,1
1189,5189,1
1190,5190,1
1191,5191,1
1192,5192,1
1193,5193,1
1194,5194,1
1195,5195,1
1196,5196,1
1197,5197,1
1198,5198,1
1199,5199,1
1200,5200,1
1201,5201,1
1202,5202,1
1203,5203,1
1204,5204,1
1205,5205,1
1206,5206,1
1207,5207,1
1208,5208,1
1209,5209,1
1210,5210,1
1211,5211,1
1212,5212,1
1213,5213,1
1214,5214,1
1215,5215,1
1216,5216,1
1217,5217,1
1218,5218,1
1219,5219,1
1220,5220,1
1221,5221,1
1222,5222,1
1223,5223,1
1224,5224,1
1225,5225,1
1226,5226,1
1227,5227,1
1228,5228,1
1229,5229,1
1230,5230,1
1231,5231,1
1232,5232,1
1233,5233,1
1234,5234,1
1235,5235,1
1236,5236,1
1237,5237,1
1238,5238,1
1239,5239,1
1240,5240,1
1241,5241,1
1242,5242,1
1243,5243,1
1244,5244,1
1245,5245,1
1246,5246,1
1247,5247,1
1248,5248,1
1249,5249,1
1250,5250,1
1251,5251,1
1252,5252,1
1253,5253,1
1254,5254,1
1255,5255,1
1256,5256,1
1257,5257,1
1258,5258,1
1259,5259,1
1260,5260,1
1261,5261,1
1262,5262,1
1263,5263,1
1264,5264,1
1265,5265,1
1266,5266,1
1267,5267,1
1268,5268,1
1269,5269,1
1270,5270,1
1271,5271,1
1272,5272,1
1273,5273,1
1274,5274,1
1275,5275,1
1276,5276,1
1277,5277,1
1278,5278,1
1279,5279,1
1280,5280,1
1281,5281,1
1282,5282,1
1283,5283,1
1284,5284,1
1285,5285,1
1286,5286,1
1287,5287,1
1288,5288,1
1289,5289,1
1290,5290,1
1291,5291,1
1292,5292,1
1293,5293,1
1294,5294,1
1295,5295,1
1296,5296,1
1297,5297,1
1298,5298,1
1299,5299,1
1300,5300,1
1301,5301,1
1302,5302,1
1303,5303,1
1304,5304,1
1305,5305,1
1306,5306,1
1307,5307,1
1308,5308,1
1309,5309,1
1310,5310,1
1311,5311,1
1312,5312,1
1313,5313,1
1314,5314,1
1315,5315,1
1316,5316,1
1317,5317,1
1318,5318,1
1319,5319,1
1320,5320,1
1321,5321,1
1322,5322,1
1323,5323,1
1324,5324,1
1325,5325,1
1326,5326,1
1327,5327,1
1328,5328,1
1329,5329,1
1330,5330,1
1331,5331,1
1332,5332,1
1333,5333,1
1334,5334,1
1335,5335,1
1336,5336,1
1337,5337,1
1338,5338,1
1339,5339,1
1340,5340,1
1341,5341,1
1342,5342,1
1343,5343,1
1344,5344,1
1345,5345,1
1346,5346,1
1347,5347,1
1348,5348,1
1349,5349,1
1350,5350,1
1351,5351,1
1352,5352,1
1353,5353,1
1354,5354,1
1355,5355,1
1356,5356,1
1357,5357,1
1358,5358,1
1359,5359,1
1360,5360,1
1361,5361,1
1362,5362,1
1363,5363,1
1364,5364,1
1365,5365,1
1366,5366,1
1367,5367,1
1368,5368,1
1369,5369,1
1370,5370,1
1371,5371,1
1372,5372,1
1373,5373,1
1374,5374,1
1375,5375,1
1376,5376,1
1377,5377,1
1378,5378,1
1379,5379,1
1380,5380,1
1381,5381,1
1382,5382,1
1383,5383,1
1384,5384,1
1385,5385,1
1386,5386,1
1387,5387,1
1388,5388,1
1389,5389,1
1390,5390,1
1391,5391,1
1392,5392,1
1393,5393,1
1394,5394,1
1395,5395,1
1396,5396,1
1397,5397,1
1398,5398,1
1399,5399,1
1400,5400,1
1401,5401,1
1402,5402,1
1403,5403,1
1404,5404,1
1405,5405,1
1406,5406,1
1407,5407,1
1408,5408,1
1409,5409,1
1410,5410,1
1411,5411,1
1412,5412,1
1413,5413,1
1414,5414,1
1415,5415,1
1416,5416,1
1417,5417,1
1418,5418,1
1419,5419,1
1420,5420,1
1421,5421,1
1422,5422,1
1423,5423,1
1424,5424,1
1425,5425,1
1426,5426,1
1427,5427,1
1428,5428,1
1429,5429,1
1430,5430,1
1431,5431,1
1432,5432,1
1433,5433,1
1434,5434,1
1435,5435,1
1436,5436,1
1437,5437,1
1438,5438,1
1439,5439,1
1440,5440,1
1441,5441,1
1442,5442,1
1443,5443,1
1444,5444,1
1445,5445,1
1446,5446,1
1447,5447,1
1448,5448,1
1449,5449,1
1450,5450,1
1451,5451,1
1452,5452,1
1453,5453,1
1454,5454,1
1455,5455,1
1456,5456,1
1457,5457,1
1458,5458,1
1459,5459,1
1460,5460,1
1461,5461,1
1462,5462,1
1463,5463,1
1464,5464,1
1465,5465,1
1466,5466,1
1467,5467,1
1468,5468,1
1469,5469,1
1470,5470,1
1471,5471,1
1472,5472,1
1473,5473,1
1474,5474,1
1475,5475,1
1476,5476,1
1477,5477,1
1478,5478,1
1479,5479,1
1480,5480,1
1481,5481,1
1482,5482,1
1483,5483,1
1484,5484,1
1485,5485,1
1486,5486,1
1487,5487,1
1488,5488,1
1489,5489,1
1490,5490,1
1491,5491,1
1492,5492,1
1493,5493,1
1494,5494,1
1495,5495,1
1496,5496,1
1497,5497,1
1498,5498,1
1499,5499,1
1500,5500,1
1501,5501,1
1502,5502,1
1503,5503,1
1504,5504,1
1505,5505,1
1506,5506,1
1507,5507,1
1508,5508,1
1509,5509,1
1510,5510,1
1511,5511,1
1512,5512,1
1513,5513,1
1514,5514,1
1515,5515,1
1516,5516,1
1517,5517,1
1518,5518,1
1519,5519,1
1520,5520,1
1521,5521,1
1522,5522,1
1523,5523,1
1524,5524,1
1525,5525,1
1526,5526,1
1527,5527,1
1528,5528,1
1529,5529,1
1530,5530,1
1531,5531,1
1532,5532,1
1533,5533,1
1534,5534,1
1535,5535,1
1536,5536,1
1537,5537,1
1538,5538,1
1539,5539,1
1540,5540,1
1541,5541,1
1542,5542,1
1543,5543,1
1544,5544,1
1545,5545,1
1546,5546,1
1547,5547,1
1548,5548,1
1549,5549,1
1550,5550,1
1551,5551,1
1552,5552,1
1553,5553,1
1554,5554,1
1555,5555,1
1556,5556,1
1557,5557,1
1558,5558,1
1559,5559,1
1560,5560,1
1561,5561,1
1562,5562,1
1563,5563,1
1564,5564,1
1565,5565,1
1566,5566,1
1567,5567,1
1568,5568,1
1569,5569,1
1570,5570,1
1571,5571,1
1572,5572,1
1573,5573,1
1574,5574,1
1575,5575,1
1576,5576,1
1577,5577,1
1578,5578,1
1579,5579,1
1580,5580,1
1581,5581,1
1582,5582,1
1583,5583,1
1584,5584,1
1585,5585,1
1586,5586,1
1587,5587,1
1588,5588,1
1589,5589,1
1590,5590,1
1591,5591,1
1592,5592,1
1593,5593,1
1594,5594,1
1595,5595,1
1596,5596,1
1597,5597,1
1598,5598,1
1599,5599,1
1600,5600,1
1601,5601,1
1602,5602,1
1603,5603,1
1604,5604,1
1605,5605,1
1606,5606,1
1607,5607,1
1608,5608,1
1609,5609,1
1610,5610,1
1611,5611,1
1612,5612,1
1613,5613,1
1614,5614,1
1615,5615,1
1616,5616,1
1617,5617,1
1618,5618,1
1619,5619,1
1620,5620,1
1621,5621,1
1622,5622,1
1623,5623,1
1624,5624,1
1625,5625,1
1626,5626,1
1627,5627,1
1628,5628,1
1629,5629,1
1630,5630,1
1631,5631,1
1632,5632,1
1633,5633,1
1634,5634,1
1635,5635,1
1636,5636,1
1637,5637,1
1638,5638,1
1639,5639,1
1640,5640,1
1641,5641,1
1642,5642,1
1643,5643,1
1644,5644,1
1645,5645,1
1646,5646,1
1647,5647,1
1648,5648,1
1649,5649,1
1650,5650,1
1651,5651,1
1652,5652,1
1653,5653,1
1654,5654,1
1655,5655,1
1656,5656,1
1657,5657,1
1658,5658,1
1659,5659,1
1660,5660,1
1661,5661,1
1662,5662,1
1663,5663,1
1664,5664,1
1665,5665,1
1666,5666,1
1667,5667,1
1668,5668,1
1669,5669,1
1670,5670,1
1671,5671,1
1672,5672,1
1673,5673,1
1674,5674,1
1675,5675,1
1676,5676,1
1677,5677,1
1678,5678,1
1679,5679,1
1680,5680,1
1681,5681,1
1682,5682,1
1683,5683,1
1684,5684,1
1685,5685,1
1686,5686,1
1687,5687,1
1688,5688,1
1689,5689,1
1690,5690,1
1691,5691,1
1692,5692,1
1693,5693,1
1694,5694,1
1695,5695,1
1696,5696,1
1697,5697,1
1698,5698,1
1699,5699,1
1700,5700,1
1701,5701,1
1702,5702,1
1703,5703,1
1704,5704,1
1705,5705,1
1706,5706,1
1707,5707,1
1708,5708,1
1709,5709,1
1710,5710,1
1711,5711,1
1712,5712,1
1713,5713,1
1714,5714,1
1715,5715,1
1716,5716,1
1717,5717,1
1718,5718,1
1719,5719,1
1720,5720,1
1721,5721,1
1722,5722,1
1723,5723,1
1724,5724,1
1725,5725,1
1726,5726,1
1727,5727,1
1728,5728,1
1729,5729,1
1730,5730,1
1731,5731,1
1732,5732,1
1733,5733,1
1734,5734,1
1735,5735,1
1736,5736,1
1737,5737,1
1738,5738,1
1739,5739,1
1740,5740,1
1741,5741,1
1742,5742,1
1743,5743,1
1744,5744,1
1745,5745,1
1746,5746,1
1747,5747,1
1748,5748,1
1749,5749,1
1750,5750,1
1751,5751,1
1752,5752,1
1753,5753,1
1754,5754,1
1755,5755,1
1756,5756,1
1757,5757,1
1758,5758,1
1759,5759,1
1760,5760,1
1761,5761,1
1762,5762,1
1763,5763,1
1764,5764,1
1765,5765,1
1766,5766,1
1767,5767,1
1768,5768,1
1769,5769,1
1770,5770,1
1771,5771,1
1772,5772,1
1773,5773,1
1774,5774,1
1775,5775,1
1776,5776,1
1777,5777,1
1778,5778,1
1779,5779,1
1780,5780,1
1781,5781,1
1782,5782,1
1783,5783,1
1784,5784,1
1785,5785,1
1786,5786,1
1787,5787,1
1788,5788,1
1789,5789,1
1790,5790,1
1791,5791,1
1792,5792,1
1793,5793,1
1794,5794,1
1795,5795,1
1796,5796,1
1797,5797,1
1798,5798,1
1799,5799,1
1800,5800,1
1801,5801,1
1802,5802,1
1803,5803,1
1804,5804,1
1805,5805,1
1806,5806,1
1807,5807,1
1808,5808,1
1809,5809,1
1810,5810,1
1811,5811,1
1812,5812,1
1813,5813,1
1814,5814,1
1815,5815,1
1816,5816,1
1817,5817,1
1818,5818,1
1819,5819,1
1820,5820,1
1821,5821,1
1822,5822,1
1823,5823,1
1824,5824,1
1825,5825,1
1826,5826,1
1827,5827,1
1828,5828,1
1829,5829,1
1830,5830,1
1831,5831,1
1832,5832,1
1833,5833,1
1834,5834,1
1835,5835,1
1836,5836,1
1837,5837,1
1838,5838,1
1839,5839,1
1840,5840,1
1841,5841,1
1842,5842,1
1843,5843,1
1844,5844,1
1845,5845,1
1846,5846,1
1847,5847,1
1848,5848,1
1849,5849,1
1850,5850,1
1851,5851,1
1852,5852,1
1853,5853,1
1854,5854,1
1855,5855,1
1856,5856,1
1857,5857,1
1858,5858,1
1859,5859,1
1860,5860,1
1861,5861,1
1862,5862,1
1863,5863,1
1864,5864,1
1865,5865,1
1866,5866,1
1867,5867,1
1868,5868,1
1869,5869,1
1870,5870,1
1871,5871,1
1872,5872,1
1873,5873,1
1874,5874,1
1875,5875,1
1876,5876,1
1877,5877,1
1878,5878,1
1879,5879,1
1880,5880,1
1881,5881,1
1882,5882,1
1883,5883,1
1884,5884,1
1885,5885,1
1886,5886,1
1887,5887,1
1888,5888,1
1889,5889,1
1890,5890,1
1891,5891,1
1892,5892,1
1893,5893,1
1894,5894,1
1895,5895,1
1896,5896,1
1897,5897,1
1898,5898,1
1899,5899,1
1900,5900,1
1901,5901,1
1902,5902,1
1903,5903,1
1904,5904,1
1905,5905,1
1906,5906,1
1907,5907,1
1908,5908,1
1909,5909,1
1910,5910,1
1911,5911,1
1912,5912,1
1913,5913,1
1914,5914,1
1915,5915,1
1916,5916,1
1917,5917,1
1918,5918,1
1919,5919,1
1920,5920,1
1921,5921,1
1922,5922,1
1923,5923,1
1924,5924,1
1925,5925,1
1926,5926,1
1927,5927,1
1928,5928,1
1929,5929,1
1930,5930,1
1931,5931,1
1932,5932,1
1933,5933,1
1934,5934,1
1935,5935,1
1936,5936,1
1937,5937,1
1938,5938,1
1939,5939,1
1940,5940,1
1941,5941,1
1942,5942,1
1943,5943,1
1944,5944,1
1945,5945,1
1946,5946,1
1947,5947,1
1948,5948,1
1949,5949,1
1950,5950,1
1951,5951,1
1952,5952,1
1953,5953,1
1954,5954,1
1955,5955,1
1956,5956,1
1957,5957,1
1958,5958,1
1959,5959,1
1960,5960,1
1961,5961,1
1962,5962,1
1963,5963,1
1964,5964,1
1965,5965,1
1966,5966,1
1967,5967,1
1968,5968,1
1969,5969,1
1970,5970,1
1971,5971,1
1972,5972,1
1973,5973,1
1974,5974,1
1975,5975,1
1976,5976,1
1977,5977,1
1978,5978,1
1979,5979,1
1980,5980,1
1981,5981,1
1982,5982,1
1983,5983,1
1984,5984,1
1985,5985,1
1986,5986,1
1987,5987,1
1988,5988,1
1989,5989,1
1990,5990,1
1991,5991,1
1992,5992,1
1993,5993,1
1994,5994,1
1995,5995,1
1996,5996,1
1997,5997,1
1998,5998,1
1999,5999,1
2000,6000,1
2001,6001,1
2002,6002,1
2003,6003,1
2004,6004,1
2005,6005,1
2006,6006,1
2007,6007,1
2008,6008,1
2009,6009,1
2010,6010,1
2011,6011,1
2012,6012,1
2013,6013,1
2014,6014,1
2015,6015,1
2016,6016,1
2017,6017,1
2018,6018,1
2019,6019,1
2020,6020,1
2021,6021,1
2022,6022,1
2023,6023,1
2024,6024,1
2025,6025,1
2026,6026,1
2027,6027,1
2028,6028,1
2029,6029,1
2030,6030,1
2031,6031,1
2032,6032,1
2033,6033,1
2034,6034,1
2035,6035,1
2036,6036,1
2037,6037,1
2038,6038,1
2039,6039,1
2040,6040,1
2041,6041,1
2042,6042,1
2043,6043,1
2044,6044,1
2045,6045,1
2046,6046,1
2047,6047,1
2048,6048,1
2049,6049,1
2050,6050,1
2051,6051,1
2052,6052,1
2053,6053,1
2054,6054,1
2055,6055,1
2056,6056,1
2057,6057,1
2058,6058,1
2059,6059,1
2060,6060,1
2061,6061,1
2062,6062,1
2063,6063,1
2064,6064,1
2065,6065,1
2066,6066,1
2067,6067,1
2068,6068,1
2069,6069,1
2070,6070,1
2071,6071,1
2072,6072,1
2073,6073,1
2074,6074,1
2075,6075,1
2076,6076,1
2077,6077,1
2078,6078,1
2079,6079,1
2080,6080,1
2081,6081,1
2082,6082,1
2083,6083,1
2084,6084,1
2085,6085,1
2086,6086,1
2087,6087,1
2088,6088,1
2089,6089,1
2090,6090,1
2091,6091,1
2092,6092,1
2093,6093,1
2094,6094,1
2095,6095,1
2096,6096,1
2097,6097,1
2098,6098,1
2099,6099,1
2100,6100,1
2101,6101,1
2102,6102,1
2103,6103,1
2104,6104,1
2105,6105,1
2106,6106,1
2107,6107,1
2108,6108,1
2109,6109,1
2110,6110,1
2111,6111,1
2112,6112,1
2113,6113,1
2114,6114,1
2115,6115,1
2116,6116,1
2117,6117,1
2118,6118,1
2119,6119,1
2120,6120,1
2121,6121,1
2122,6122,1
2123,6123,1
2124,6124,1
2125,6125,1
2126,6126,1
2127,6127,1
2128,6128,1
2129,6129,1
2130,6130,1
2131,6131,1
2132,6132,1
2133,6133,1
2134,6134,1
2135,6135,1
2136,6136,1
2137,6137,1
2138,6138,1
2139,6139,1
2140,6140,1
2141,6141,1
2142,6142,1
2143,6143,1
2144,6144,1
2145,6145,1
2146,6146,1
2147,6147,1
2148,6148,1
2149,6149,1
2150,6150,1
2151,6151,1
2152,6152,1
2153,6153,1
2154,6154,1
2155,6155,1
2156,6156,1
2157,6157,1
2158,6158,1
2159,6159,1
2160,6160,1
2161,6161,1
2162,6162,1
2163,6163,1
2164,6164,1
2165,6165,1
2166,6166,1
2167,6167,1
2168,6168,1
2169,6169,1
2170,6170,1
2171,6171,1
2172,6172,1
2173,6173,1
2174,6174,1
2175,6175,1
2176,6176,1
2177,6177,1
2178,6178,1
2179,6179,1
2180,6180,1
2181,6181,1
2182,6182,1
2183,6183,1
2184,6184,1
2185,6185,1
2186,6186,1
2187,6187,1
2188,6188,1
2189,6189,1
2190,6190,1
2191,6191,1
2192,6192,1
2193,6193,1
2194,6194,1
2195,6195,1
2196,6196,1
2197,6197,1
2198,6198,1
2199,6199,1
2200,6200,1
2201,6201,1
2202,6202,1
2203,6203,1
2204,6204,1
2205,6205,1
2206,6206,1
2207,6207,1
2208,6208,1
2209,6209,1
2210,6210,1
2211,6211,1
2212,6212,1
2213,6213,1
2214,6214,1
2215,6215,1
2216,6216,1
2217,6217,1
2218,6218,1
2219,6219,1
2220,6220,1
2221,6221,1
2222,6222,1
2223,6223,1
2224,6224,1
2225,6225,1
2226,6226,1
2227,6227,1
2228,6228,1
2229,6229,1
2230,6230,1
2231,6231,1
2232,6232,1
2233,6233,1
2234,6234,1
2235,6235,1
2236,6236,1
2237,6237,1
2238,6238,1
2239,6239,1
2240,6240,1
2241,6241,1
2242,6242,1
2243,6243,1
2244,6244,1
2245,6245,1
2246,6246,1
2247,6247,1
2248,6248,1
2249,6249,1
2250,6250,1
2251,6251,1
2252,6252,1
2253,6253,1
2254,6254,1
2255,6255,1
2256,6256,1
2257,6257,1
2258,6258,1
2259,6259,1
2260,6260,1
2261,6261,1
2262,6262,1
2263,6263,1
2264,6264,1
2265,6265,1
2266,6266,1
2267,6267,1
2268,6268,1
2269,6269,1
2270,6270,1
2271,6271,1
2272,6272,1
2273,6273,1
2274,6274,1
2275,6275,1
2276,6276,1
2277,6277,1
2278,6278,1
2279,6279,1
2280,6280,1
2281,6281,1
2282,6282,1
2283,6283,1
2284,6284,1
2285,6285,1
2286,6286,1
2287,6287,1
2288,6288,1
2289,6289,1
2290,6290,1
2291,6291,1
2292,6292,1
2293,6293,1
2294,6294,1
2295,6295,1
2296,6296,1
2297,6297,1
2298,6298,1
2299,6299,1
2300,6300,1
2301,6301,1
2302,6302,1
2303,6303,1
2304,6304,1
2305,6305,1
2306,6306,1
2307,6307,1
2308,6308,1
2309,6309,1
2310,6310,1
2311,6311,1
2312,6312,1
2313,6313,1
2314,6314,1
2315,6315,1
2316,6316,1
2317,6317,1
2318,6318,1
2319,6319,1
2320,6320,1
2321,6321,1
2322,6322,1
2323,6323,1
2324,6324,1
2325,6325,1
2326,6326,1
2327,6327,1
2328,6328,1
2329,6329,1
2330,6330,1
2331,6331,1
2332,6332,1
2333,6333,1
2334,6334,1
2335,6335,1
2336,6336,1
2337,6337,1
2338,6338,1
2339,6339,1
2340,6340,1
2341,6341,1
2342,6342,1
2343,6343,1
2344,6344,1
2345,6345,1
2346,6346,1
2347,6347,1
2348,6348,1
2349,6349,1
2350,6350,1
2351,6351,1
2352,6352,1
2353,6353,1
2354,6354,1
2355,6355,1
2356,6356,1
2357,6357,1
2358,6358,1
2359,6359,1
2360,6360,1
2361,6361,1
2362,6362,1
2363,6363,1
2364,6364,1
2365,6365,1
2366,6366,1
2367,6367,1
2368,6368,1
2369,6369,1
2370,6370,1
2371,6371,1
2372,6372,1
2373,6373,1
2374,6374,1
2375,6375,1
2376,6376,1
2377,6377,1
2378,6378,1
2379,6379,1
2380,6380,1
2381,6381,1
2382,6382,1
2383,6383,1
2384,6384,1
2385,6385,1
2386,6386,1
2387,6387,1
2388,6388,1
2389,6389,1
2390,6390,1
2391,6391,1
2392,6392,1
2393,6393,1
2394,6394,1
2395,6395,1
2396,6396,1
2397,6397,1
2398,6398,1
2399,6399,1
2400,6400,1
2401,6401,1
2402,6402,1
2403,6403,1
2404,6404,1
2405,6405,1
2406,6406,1
2407,6407,1
2408,6408,1
2409,6409,1
2410,6410,1
2411,6411,1
2412,6412,1
2413,6413,1
2414,6414,1
2415,6415,1
2416,6416,1
2417,6417,1
2418,6418,1
2419,6419,1
2420,6420,1
2421,6421,1
2422,6422,1
2423,6423,1
2424,6424,1
2425,6425,1
2426,6426,1
2427,6427,1
2428,6428,1
2429,6429,1
2430,6430,1
2431,6431,1
2432,6432,1
2433,6433,1
2434,6434,1
2435,6435,1
2436,6436,1
2437,6437,1
2438,6438,1
2439,6439,1
2440,6440,1
2441,6441,1
2442,6442,1
2443,6443,1
2444,6444,1
2445,6445,1
2446,6446,1
2447,6447,1
2448,6448,1
2449,6449,1
2450,6450,1
2451,6451,1
2452,6452,1
2453,6453,1
2454,6454,1
2455,6455,1
2456,6456,1
2457,6457,1
2458,6458,1
2459,6459,1
2460,6460,1
2461,6461,1
2462,6462,1
2463,6463,1
2464,6464,1
2465,6465,1
2466,6466,1
2467,6467,1
2468,6468,1
2469,6469,1
2470,6470,1
2471,6471,1
2472,6472,1
2473,6473,1
2474,6474,1
2475,6475,1
2476,6476,1
2477,6477,1
2478,6478,1
2479,6479,1
2480,6480,1
2481,6481,1
2482,6482,1
2483,6483,1
2484,6484,1
2485,6485,1
2486,6486,1
2487,6487,1
2488,6488,1
2489,6489,1
2490,6490,1
2491,6491,1
2492,6492,1
2493,6493,1
2494,6494,1
2495,6495,1
2496,6496,1
2497,6497,1
2498,6498,1
2499,6499,1
2500,6500,1
2501,6501,1
2502,6502,1
2503,6503,1
2504,6504,1
2505,6505,1
2506,6506,1
2507,6507,1
2508,6508,1
2509,6509,1
2510,6510,1
2511,6511,1
2512,6512,1
2513,6513,1
2514,6514,1
2515,6515,1
2516,6516,1
2517,6517,1
2518,6518,1
2519,6519,1
2520,6520,1
2521,6521,1
2522,6522,1
2523,6523,1
2524,6524,1
2525,6525,1
2526,6526,1
2527,6527,1
2528,6528,1
2529,6529,1
2530,6530,1
2531,6531,1
2532,6532,1
2533,6533,1
2534,6534,1
2535,6535,1
2536,6536,1
2537,6537,1
2538,6538,1
2539,6539,1
2540,6540,1
2541,6541,1
2542,6542,1
2543,6543,1
2544,6544,1
2545,6545,1
2546,6546,1
2547,6547,1
2548,6548,1
2549,6549,1
2550,6550,1
2551,6551,1
2552,6552,1
2553,6553,1
2554,6554,1
2555,6555,1
2556,6556,1
2557,6557,1
2558,6558,1
2559,6559,1
2560,6560,1
2561,6561,1
2562,6562,1
2563,6563,1
2564,6564,1
2565,6565,1
2566,6566,1
2567,6567,1
2568,6568,1
2569,6569,1
2570,6570,1
2571,6571,1
2572,6572,1
2573,6573,1
2574,6574,1
2575,6575,1
2576,6576,1
2577,6577,1
2578,6578,1
2579,6579,1
2580,6580,1
2581,6581,1
2582,6582,1
2583,6583,1
2584,6584,1
2585,6585,1
2586,6586,1
2587,6587,1
2588,6588,1
2589,6589,1
2590,6590,1
2591,6591,1
2592,6592,1
2593,6593,1
2594,6594,1
2595,6595,1
2596,6596,1
2597,6597,1
2598,6598,1
2599,6599,1
2600,6600,1
2601,6601,1
2602,6602,1
2603,6603,1
2604,6604,1
2605,6605,1
2606,6606,1
2607,6607,1
2608,6608,1
2609,6609,1
2610,6610,1
2611,6611,1
2612,6612,1
2613,6613,1
2614,6614,1
2615,6615,1
2616,6616,1
2617,6617,1
2618,6618,1
2619,6619,1
2620,6620,1
2621,6621,1
2622,6622,1
2623,6623,1
2624,6624,1
2625,6625,1
2626,6626,1
2627,6627,1
2628,6628,1
2629,6629,1
2630,6630,1
2631,6631,1
2632,6632,1
2633,6633,1
2634,6634,1
2635,6635,1
2636,6636,1
2637,6637,1
2638,6638,1
2639,6639,1
2640,6640,1
2641,6641,1
2642,6642,1
2643,6643,1
2644,6644,1
2645,6645,1
2646,6646,1
2647,6647,1
2648,6648,1
2649,6649,1
2650,6650,1
2651,6651,1
2652,6652,1
2653,6653,1
2654,6654,1
2655,6655,1
2656,6656,1
2657,6657,1
2658,6658,1
2659,6659,1
2660,6660,1
2661,6661,1
2662,6662,1
2663,6663,1
2664,6664,1
2665,6665,1
2666,6666,1
2667,6667,1
2668,6668,1
2669,6669,1
2670,6670,1
2671,6671,1
2672,6672,1
2673,6673,1
2674,6674,1
2675,6675,1
2676,6676,1
2677,6677,1
2678,6678,1
2679,6679,1
2680,6680,1
2681,6681,1
2682,6682,1
2683,6683,1
2684,6684,1
2685,6685,1
2686,6686,1
2687,6687,1
2688,6688,1
2689,6689,1
2690,6690,1
2691,6691,1
2692,6692,1
2693,6693,1
2694,6694,1
2695,6695,1
2696,6696,1
2697,6697,1
2698,6698,1
2699,6699,1
2700,6700,1
2701,6701,1
2702,6702,1
2703,6703,1
2704,6704,1
2705,6705,1
2706,6706,1
2707,6707,1
2708,6708,1
2709,6709,1
2710,6710,1
2711,6711,1
2712,6712,1
2713,6713,1
2714,6714,1
2715,6715,1
2716,6716,1
2717,6717,1
2718,6718,1
2719,6719,1
2720,6720,1
2721,6721,1
2722,6722,1
2723,6723,1
2724,6724,1
2725,6725,1
2726,6726,1
2727,6727,1
2728,6728,1
2729,6729,1
2730,6730,1
2731,6731,1
2732,6732,1
2733,6733,1
2734,6734,1
2735,6735,1
2736,6736,1
2737,6737,1
2738,6738,1
2739,6739,1
2740,6740,1
2741,6741,1
2742,6742,1
2743,6743,1
2744,6744,1
2745,6745,1
2746,6746,1
2747,6747,1
2748,6748,1
2749,6749,1
2750,6750,1
2751,6751,1
2752,6752,1
2753,6753,1
2754,6754,1
2755,6755,1
2756,6756,1
2757,6757,1
2758,6758,1
2759,6759,1
2760,6760,1
2761,6761,1
2762,6762,1
2763,6763,1
2764,6764,1
2765,6765,1
2766,6766,1
2767,6767,1
2768,6768,1
2769,6769,1
2770,6770,1
2771,6771,1
2772,6772,1
2773,6773,1
2774,6774,1
2775,6775,1
2776,6776,1
2777,6777,1
2778,6778,1
2779,6779,1
2780,6780,1
2781,6781,1
2782,6782,1
2783,6783,1
2784,6784,1
2785,6785,1
2786,6786,1
2787,6787,1
2788,6788,1
2789,6789,1
2790,6790,1
2791,6791,1
2792,6792,1
2793,6793,1
2794,6794,1
2795,6795,1
2796,6796,1
2797,6797,1
2798,6798,1
2799,6799,1
2800,6800,1
2801,6801,1
2802,6802,1
2803,6803,1
2804,6804,1
2805,6805,1
2806,6806,1
2807,6807,1
2808,6808,1
2809,6809,1
2810,6810,1
2811,6811,1
2812,6812,1
2813,6813,1
2814,6814,1
2815,6815,1
2816,6816,1
2817,6817,1
2818,6818,1
2819,6819,1
2820,6820,1
2821,6821,1
2822,6822,1
2823,6823,1
2824,6824,1
2825,6825,1
2826,6826,1
2827,6827,1
2828,6828,1
2829,6829,1
2830,6830,1
2831,6831,1
2832,6832,1
2833,6833,1
2834,6834,1
2835,6835,1
2836,6836,1
2837,6837,1
2838,6838,1
2839,6839,1
2840,6840,1
2841,6841,1
2842,6842,1
2843,6843,1
2844,6844,1
2845,6845,1
2846,6846,1
2847,6847,1
2848,6848,1
2849,6849,1
2850,6850,1
2851,6851,1
2852,6852,1
2853,6853,1
2854,6854,1
2855,6855,1
2856,6856,1
2857,6857,1
2858,6858,1
2859,6859,1
2860,6860,1
2861,6861,1
2862,6862,1
2863,6863,1
2864,6864,1
2865,6865,1
2866,6866,1
2867,6867,1
2868,6868,1
2869,6869,1
2870,6870,1
2871,6871,1
2872,6872,1
2873,6873,1
2874,6874,1
2875,6875,1
2876,6876,1
2877,6877,1
2878,6878,1
2879,6879,1
2880,6880,1
2881,6881,1
2882,6882,1
2883,6883,1
2884,6884,1
2885,6885,1
2886,6886,1
2887,6887,1
2888,6888,1
2889,6889,1
2890,6890,1
2891,6891,1
2892,6892,1
2893,6893,1
2894,6894,1
2895,6895,1
2896,6896,1
2897,6897,1
2898,6898,1
2899,6899,1
2900,6900,1
2901,6901,1
2902,6902,1
2903,6903,1
2904,6904,1
2905,6905,1
2906,6906,1
2907,6907,1
2908,6908,1
2909,6909,1
2910,6910,1
2911,6911,1
2912,6912,1
2913,6913,1
2914,6914,1
2915,6915,1
2916,6916,1
2917,6917,1
2918,6918,1
2919,6919,1
2920,6920,1
2921,6921,1
2922,6922,1
2923,6923,1
2924,6924,1
2925,6925,1
2926,6926,1
2927,6927,1
2928,6928,1
2929,6929,1
2930,6930,1
2931,6931,1
2932,6932,1
2933,6933,1
2934,6934,1
2935,6935,1
2936,6936,1
2937,6937,1
2938,6938,1
2939,6939,1
2940,6940,1
2941,6941,1
2942,6942,1
2943,6943,1
2944,6944,1
2945,6945,1
2946,6946,1
2947,6947,1
2948,6948,1
2949,6949,1
2950,6950,1
2951,6951,1
2952,6952,1
2953,6953,1
2954,6954,1
2955,6955,1
2956,6956,1
2957,6957,1
2958,6958,1
2959,6959,1
2960,6960,1
2961,6961,1
2962,6962,1
2963,6963,1
2964,6964,1
2965,6965,1
2966,6966,1
2967,6967,1
2968,6968,1
2969,6969,1
2970,6970,1
2971,6971,1
2972,6972,1
2973,6973,1
2974,6974,1
2975,6975,1
2976,6976,1
2977,6977,1
2978,6978,1
2979,6979,1
2980,6980,1
2981,6981,1
2982,6982,1
2983,6983,1
2984,6984,1
2985,6985,1
2986,6986,1
2987,6987,1
2988,6988,1
2989,6989,1
2990,6990,1
2991,6991,1
2992,6992,1
2993,6993,1
2994,6994,1
2995,6995,1
2996,6996,1
2997,6997,1
2998,6998,1
2999,6999,1
3000,7000,1
3001,7001,1
3002,7002,1
3003,7003,1
3004,7004,1
3005,7005,1
3006,7006,1
3007,7007,1
3008,7008,1
3009,7009,1
3010,7010,1
3011,7011,1
3012,7012,1
3013,7013,1
3014,7014,1
3015,7015,1
3016,7016,1
3017,7017,1
3018,7018,1
3019,7019,1
3020,7020,1
3021,7021,1
3022,7022,1
3023,7023,1
3024,7024,1
3025,7025,1
3026,7026,1
3027,7027,1
3028,7028,1
3029,7029,1
3030,7030,1
3031,7031,1
3032,7032,1
3033,7033,1
3034,7034,1
3035,7035,1
3036,7036,1
3037,7037,1
3038,7038,1
3039,7039,1
3040,7040,1
3041,7041,1
3042,7042,1
3043,7043,1
3044,7044,1
3045,7045,1
3046,7046,1
3047,7047,1
3048,7048,1
3049,7049,1
3050,7050,1
3051,7051,1
3052,7052,1
3053,7053,1
3054,7054,1
3055,7055,1
3056,7056,1
3057,7057,1
3058,7058,1
3059,7059,1
3060,7060,1
3061,7061,1
3062,7062,1
3063,7063,1
3064,7064,1
3065,7065,1
3066,7066,1
3067,7067,1
3068,7068,1
3069,7069,1
3070,7070,1
3071,7071,1
3072,7072,1
3073,7073,1
3074,7074,1
3075,7075,1
3076,7076,1
3077,7077,1
3078,7078,1
3079,7079,1
3080,7080,1
3081,7081,1
3082,7082,1
3083,7083,1
3084,7084,1
3085,7085,1
3086,7086,1
3087,7087,1
3088,7088,1
3089,7089,1
3090,7090,1
3091,7091,1
3092,7092,1
3093,7093,1
3094,7094,1
3095,7095,1
3096,7096,1
3097,7097,1
3098,7098,1
3099,7099,1
3100,7100,1
3101,7101,1
3102,7102,1
3103,7103,1
3104,7104,1
3105,7105,1
3106,7106,1
3107,7107,1
3108,7108,1
3109,7109,1
3110,7110,1
3111,7111,1
3112,7112,1
3113,7113,1
3114,7114,1
3115,7115,1
3116,7116,1
3117,7117,1
3118,7118,1
3119,7119,1
3120,7120,1
3121,7121,1
3122,7122,1
3123,7123,1
3124,7124,1
3125,7125,1
3126,7126,1
3127,7127,1
3128,7128,1
3129,7129,1
3130,7130,1
3131,7131,1
3132,7132,1
3133,7133,1
3134,7134,1
3135,7135,1
3136,7136,1
3137,7137,1
3138,7138,1
3139,7139,1
3140,7140,1
3141,7141,1
3142,7142,1
3143,7143,1
3144,7144,1
3145,7145,1
3146,7146,1
3147,7147,1
3148,7148,1
3149,7149,1
3150,7150,1
3151,7151,1
3152,7152,1
3153,7153,1
3154,7154,1
3155,7155,1
3156,7156,1
3157,7157,1
3158,7158,1
3159,7159,1
3160,7160,1
3161,7161,1
3162,7162,1
3163,7163,1
3164,7164,1
3165,7165,1
3166,7166,1
3167,7167,1
3168,7168,1
3169,7169,1
3170,7170,1
3171,7171,1
3172,7172,1
3173,7173,1
3174,7174,1
3175,7175,1
3176,7176,1
3177,7177,1
3178,7178,1
3179,7179,1
3180,7180,1
3181,7181,1
3182,7182,1
3183,7183,1
3184,7184,1
3185,7185,1
3186,7186,1
3187,7187,1
3188,7188,1
3189,7189,1
3190,7190,1
3191,7191,1
3192,7192,1
3193,7193,1
3194,7194,1
3195,7195,1
3196,7196,1
3197,7197,1
3198,7198,1
3199,7199,1
3200,7200,1
3201,7201,1
3202,7202,1
3203,7203,1
3204,7204,1
3205,7205,1
3206,7206,1
3207,7207,1
3208,7208,1
3209,7209,1
3210,7210,1
3211,7211,1
3212,7212,1
3213,7213,1
3214,7214,1
3215,7215,1
3216,7216,1
3217,7217,1
3218,7218,1
3219,7219,1
3220,7220,1
3221,7221,1
3222,7222,1
3223,7223,1
3224,7224,1
3225,7225,1
3226,7226,1
3227,7227,1
3228,7228,1
3229,7229,1
3230,7230,1
3231,7231,1
3232,7232,1
3233,7233,1
3234,7234,1
3235,7235,1
3236,7236,1
3237,7237,1
3238,7238,1
3239,7239,1
3240,7240,1
3241,7241,1
3242,7242,1
3243,7243,1
3244,7244,1
3245,7245,1
3246,7246,1
3247,7247,1
3248,7248,1
3249,7249,1
3250,7250,1
3251,7251,1
3252,7252,1
3253,7253,1
3254,7254,1
3255,7255,1
3256,7256,1
3257,7257,1
3258,7258,1
3259,7259,1
3260,7260,1
3261,7261,1
3262,7262,1
3263,7263,1
3264,7264,1
3265,7265,1
3266,7266,1
3267,7267,1
3268,7268,1
3269,7269,1
3270,7270,1
3271,7271,1
3272,7272,1
3273,7273,1
3274,7274,1
3275,7275,1
3276,7276,1
3277,7277,1
3278,7278,1
3279,7279,1
3280,7280,1
3281,7281,1
3282,7282,1
3283,7283,1
3284,7284,1
3285,7285,1
3286,7286,1
3287,7287,1
3288,7288,1
3289,7289,1
3290,7290,1
3291,7291,1
3292,7292,1
3293,7293,1
3294,7294,1
3295,7295,1
3296,7296,1
3297,7297,1
3298,7298,1
3299,7299,1
3300,7300,1
3301,7301,1
3302,7302,1
3303,7303,1
3304,7304,1
3305,7305,1
3306,7306,1
3307,7307,1
3308,7308,1
3309,7309,1
3310,7310,1
3311,7311,1
3312,7312,1
3313,7313,1
3314,7314,1
3315,7315,1
3316,7316,1
3317,7317,1
3318,7318,1
3319,7319,1
3320,7320,1
3321,7321,1
3322,7322,1
3323,7323,1
3324,7324,1
3325,7325,1
3326,7326,1
3327,7327,1
3328,7328,1
3329,7329,1
3330,7330,1
3331,7331,1
3332,7332,1
3333,7333,1
3334,7334,1
3335,7335,1
3336,7336,1
3337,7337,1
3338,7338,1
3339,7339,1
3340,7340,1
3341,7341,1
3342,7342,1
3343,7343,1
3344,7344,1
3345,7345,1
3346,7346,1
3347,7347,1
3348,7348,1
3349,7349,1
3350,7350,1
3351,7351,1
3352,7352,1
3353,7353,1
3354,7354,1
3355,7355,1
3356,7356,1
3357,7357,1
3358,7358,1
3359,7359,1
3360,7360,1
3361,7361,1
3362,7362,1
3363,7363,1
3364,7364,1
3365,7365,1
3366,7366,1
3367,7367,1
3368,7368,1
3369,7369,1
3370,7370,1
3371,7371,1
3372,7372,1
3373,7373,1
3374,7374,1
3375,7375,1
3376,7376,1
3377,7377,1
3378,7378,1
3379,7379,1
3380,7380,1
3381,7381,1
3382,7382,1
3383,7383,1
3384,7384,1
3385,7385,1
3386,7386,1
3387,7387,1
3388,7388,1
3389,7389,1
3390,7390,1
3391,7391,1
3392,7392,1
3393,7393,1
3394,7394,1
3395,7395,1
3396,7396,1
3397,7397,1
3398,7398,1
3399,7399,1
3400,7400,1
3401,7401,1
3402,7402,1
3403,7403,1
3404,7404,1
3405,7405,1
3406,7406,1
3407,7407,1
3408,7408,1
3409,7409,1
3410,7410,1
3411,7411,1
3412,7412,1
3413,7413,1
3414,7414,1
3415,7415,1
3416,7416,1
3417,7417,1
3418,7418,1
3419,7419,1
3420,7420,1
3421,7421,1
3422,7422,1
3423,7423,1
3424,7424,1
3425,7425,1
3426,7426,1
3427,7427,1
3428,7428,1
3429,7429,1
3430,7430,1
3431,7431,1
3432,7432,1
3433,7433,1
3434,7434,1
3435,7435,1
3436,7436,1
3437,7437,1
3438,7438,1
3439,7439,1
3440,7440,1
3441,7441,1
3442,7442,1
3443,7443,1
3444,7444,1
3445,7445,1
3446,7446,1
3447,7447,1
3448,7448,1
3449,7449,1
3450,7450,1
3451,7451,1
3452,7452,1
3453,7453,1
3454,7454,1
3455,7455,1
3456,7456,1
3457,7457,1
3458,7458,1
3459,7459,1
3460,7460,1
3461,7461,1
3462,7462,1
3463,7463,1
3464,7464,1
3465,7465,1
3466,7466,1
3467,7467,1
3468,7468,1
3469,7469,1
3470,7470,1
3471,7471,1
3472,7472,1
3473,7473,1
3474,7474,1
3475,7475,1
3476,7476,1
3477,7477,1
3478,7478,1
3479,7479,1
3480,7480,1
3481,7481,1
3482,7482,1
3483,7483,1
3484,7484,1
3485,7485,1
3486,7486,1
3487,7487,1
3488,7488,1
3489,7489,1
3490,7490,1
3491,7491,1
3492,7492,1
3493,7493,1
3494,7494,1
3495,7495,1
3496,7496,1
3497,7497,1
3498,7498,1
3499,7499,1
3500,7500,1
3501,7501,1
3502,7502,1
3503,7503,1
3504,7504,1
3505,7505,1
3506,7506,1
3507,7507,1
3508,7508,1
3509,7509,1
3510,7510,1
3511,7511,1
3512,7512,1
3513,7513,1
3514,7514,1
3515,7515,1
3516,7516,1
3517,7517,1
3518,7518,1
3519,7519,1
3520,7520,1
3521,7521,1
3522,7522,1
3523,7523,1
3524,7524,1
3525,7525,1
3526,7526,1
3527,7527,1
3528,7528,1
3529,7529,1
3530,7530,1
3531,7531,1
3532,7532,1
3533,7533,1
3534,7534,1
3535,7535,1
3536,7536,1
3537,7537,1
3538,7538,1
3539,7539,1
3540,7540,1
3541,7541,1
3542,7542,1
3543,7543,1
3544,7544,1
3545,7545,1
3546,7546,1
3547,7547,1
3548,7548,1
3549,7549,1
3550,7550,1
3551,7551,1
3552,7552,1
3553,7553,1
3554,7554,1
3555,7555,1
3556,7556,1
3557,7557,1
3558,7558,1
3559,7559,1
3560,7560,1
3561,7561,1
3562,7562,1
3563,7563,1
3564,7564,1
3565,7565,1
3566,7566,1
3567,7567,1
3568,7568,1
3569,7569,1
3570,7570,1
3571,7571,1
3572,7572,1
3573,7573,1
3574,7574,1
3575,7575,1
3576,7576,1
3577,7577,1
3578,7578,1
3579,7579,1
3580,7580,1
3581,7581,1
3582,7582,1
3583,7583,1
3584,7584,1
3585,7585,1
3586,7586,1
3587,7587,1
3588,7588,1
3589,7589,1
3590,7590,1
3591,7591,1
3592,7592,1
3593,7593,1
3594,7594,1
3595,7595,1
3596,7596,1
3597,7597,1
3598,7598,1
3599,7599,1
3600,7600,1
3601,7601,1
3602,7602,1
3603,7603,1
3604,7604,1
3605,7605,1
3606,7606,1
3607,7607,1
3608,7608,1
3609,7609,1
3610,7610,1
3611,7611,1
3612,7612,1
3613,7613,1
3614,7614,1
3615,7615,1
3616,7616,1
3617,7617,1
3618,7618,1
3619,7619,1
3620,7620,1
3621,7621,1
3622,7622,1
3623,7623,1
3624,7624,1
3625,7625,1
3626,7626,1
3627,7627,1
3628,7628,1
3629,7629,1
3630,7630,1
3631,7631,1
3632,7632,1
3633,7633,1
3634,7634,1
3635,7635,1
3636,7636,1
3637,7637,1
3638,7638,1
3639,7639,1
3640,7640,1
3641,7641,1
3642,7642,1
3643,7643,1
3644,7644,1
3645,7645,1
3646,7646,1
3647,7647,1
3648,7648,1
3649,7649,1
3650,7650,1
3651,7651,1
3652,7652,1
3653,7653,1
3654,7654,1
3655,7655,1
3656,7656,1
3657,7657,1
3658,7658,1
3659,7659,1
3660,7660,1
3661,7661,1
3662,7662,1
3663,7663,1
3664,7664,1
3665,7665,1
3666,7666,1
3667,7667,1
3668,7668,1
3669,7669,1
3670,7670,1
3671,7671,1
3672,7672,1
3673,7673,1
3674,7674,1
3675,7675,1
3676,7676,1
3677,7677,1
3678,7678,1
3679,7679,1
3680,7680,1
3681,7681,1
3682,7682,1
3683,7683,1
3684,7684,1
3685,7685,1
3686,7686,1
3687,7687,1
3688,7688,1
3689,7689,1
3690,7690,1
3691,7691,1
3692,7692,1
3693,7693,1
3694,7694,1
3695,7695,1
3696,7696,1
3697,7697,1
3698,7698,1
3699,7699,1
3700,7700,1
3701,7701,1
3702,7702,1
3703,7703,1
3704,7704,1
3705,7705,1
3706,7706,1
3707,7707,1
3708,7708,1
3709,7709,1
3710,7710,1
3711,7711,1
3712,7712,1
3713,7713,1
3714,7714,1
3715,7715,1
3716,7716,1
3717,7717,1
3718,7718,1
3719,7719,1
3720,7720,1
3721,7721,1
3722,7722,1
3723,7723,1
3724,7724,1
3725,7725,1
3726,7726,1
3727,7727,1
3728,7728,1
3729,7729,1
3730,7730,1
3731,7731,1
3732,7732,1
3733,7733,1
3734,7734,1
3735,7735,1
3736,7736,1
3737,7737,1
3738,7738,1
3739,7739,1
3740,7740,1
3741,7741,1
3742,7742,1
3743,7743,1
3744,7744,1
3745,7745,1
3746,7746,1
3747,7747,1
3748,7748,1
3749,7749,1
3750,7750,1
3751,7751,1
3752,7752,1
3753,7753,1
3754,7754,1
3755,7755,1
3756,7756,1
3757,7757,1
3758,7758,1
3759,7759,1
3760,7760,1
3761,7761,1
3762,7762,1
3763,7763,1
3764,7764,1
3765,7765,1
3766,7766,1
3767,7767,1
3768,7768,1
3769,7769,1
3770,7770,1
3771,7771,1
3772,7772,1
3773,7773,1
3774,7774,1
3775,7775,1
3776,7776,1
3777,7777,1
3778,7778,1
3779,7779,1
3780,7780,1
3781,7781,1
3782,7782,1
3783,7783,1
3784,7784,1
3785,7785,1
3786,7786,1
3787,7787,1
3788,7788,1
3789,7789,1
3790,7790,1
3791,7791,1
3792,7792,1
3793,7793,1
3794,7794,1
3795,7795,1
3796,7796,1
3797,7797,1
3798,7798,1
3799,7799,1
3800,7800,1
3801,7801,1
3802,7802,1
3803,7803,1
3804,7804,1
3805,7805,1
3806,7806,1
3807,7807,1
3808,7808,1
3809,7809,1
3810,7810,1
3811,7811,1
3812,7812,1
3813,7813,1
3814,7814,1
3815,7815,1
3816,7816,1
3817,7817,1
3818,7818,1
3819,7819,1
3820,7820,1
3821,7821,1
3822,7822,1
3823,7823,1
3824,7824,1
3825,7825,1
3826,7826,1
3827,7827,1
3828,7828,1
3829,7829,1
3830,7830,1
3831,7831,1
3832,7832,1
3833,7833,1
3834,7834,1
3835,7835,1
3836,7836,1
3837,7837,1
3838,7838,1
3839,7839,1
3840,7840,1
3841,7841,1
3842,7842,1
3843,7843,1
3844,7844,1
3845,7845,1
3846,7846,1
3847,7847,1
3848,7848,1
3849,7849,1
3850,7850,1
3851,7851,1
3852,7852,1
3853,7853,1
3854,7854,1
3855,7855,1
3856,7856,1
3857,7857,1
3858,7858,1
3859,7859,1
3860,7860,1
3861,7861,1
3862,7862,1
3863,7863,1
3864,7864,1
3865,7865,1
3866,7866,1
3867,7867,1
3868,7868,1
3869,7869,1
3870,7870,1
3871,7871,1
3872,7872,1
3873,7873,1
3874,7874,1
3875,7875,1
3876,7876,1
3877,7877,1
3878,7878,1
3879,7879,1
3880,7880,1
3881,7881,1
3882,7882,1
3883,7883,1
3884,7884,1
3885,7885,1
3886,7886,1
3887,7887,1
3888,7888,1
3889,7889,1
3890,7890,1
3891,7891,1
3892,7892,1
3893,7893,1
3894,7894,1
3895,7895,1
3896,7896,1
3897,7897,1
3898,7898,1
3899,7899,1
3900,7900,1
3901,7901,1
3902,7902,1
3903,7903,1
3904,7904,1
3905,7905,1
3906,7906,1
3907,7907,1
3908,7908,1
3909,7909,1
3910,7910,1
3911,7911,1
3912,7912,1
3913,7913,1
3914,7914,1
3915,7915,1
3916,7916,1
3917,7917,1
3918,7918,1
3919,7919,1
3920,7920,1
3921,7921,1
3922,7922,1
3923,7923,1
3924,7924,1
3925,7925,1
3926,7926,1
3927,7927,1
3928,7928,1
3929,7929,1
3930,7930,1
3931,7931,1
3932,7932,1
3933,7933,1
3934,7934,1
3935,7935,1
3936,7936,1
3937,7937,1
3938,7938,1
3939,7939,1
3940,7940,1
3941,7941,1
3942,7942,1
3943,7943,1
3944,7944,1
3945,7945,1
3946,7946,1
3947,7947,1
3948,7948,1
3949,7949,1
3950,7950,1
3951,7951,1
3952,7952,1
3953,7953,1
3954,7954,1
3955,7955,1
3956,7956,1
3957,7957,1
3958,7958,1
3959,7959,1
3960,7960,1
3961,7961,1
3962,7962,1
3963,7963,1
3964,7964,1
3965,7965,1
3966,7966,1
3967,7967,1
3968,7968,1
3969,7969,1
3970,7970,1
3971,7971,1
3972,7972,1
3973,7973,1
3974,7974,1
3975,7975,1
3976,7976,1
3977,7977,1
3978,7978,1
3979,7979,1
3980,7980,1
3981,7981,1
3982,7982,1
3983,7983,1
3984,7984,1
3985,7985,1
3986,7986,1
3987,7987,1
3988,7988,1
3989,7989,1
3990,7990,1
3991,7991,1
3992,7992,1
3993,7993,1
3994,7994,1
3995,7995,1
3996,7996,1
3997,7997,1
3998,7998,1
3999,7999,1
8000,12000,2
8001,12001,2
8002,12002,2
8003,12003,2
8004,12004,2
8005,12005,2
8006,12006,2
8007,12007,2
8008,12008,2
8009,12009,2
8010,12010,2
8011,12011,2
8012,12012,2
8013,12013,2
8014,12014,2
8015,12015,2
8016,12016,2
8017,12017,2
8018,12018,2
8019,12019,2
8020,12020,2
8021,12021,2
8022,12022,2
8023,12023,2
8024,12024,2
8025,12025,2
8026,12026,2
8027,12027,2
8028,12028,2
8029,12029,2
8030,12030,2
8031,12031,2
8032,12032,2
8033,12033,2
8034,12034,2
8035,12035,2
8036,12036,2
8037,12037,2
8038,12038,2
8039,12039,2
8040,12040,2
8041,12041,2
8042,12042,2
8043,12043,2
8044,12044,2
8045,12045,2
8046,12046,2
8047,12047,2
8048,12048,2
8049,12049,2
8050,12050,2
8051,12051,2
8052,12052,2
8053,12053,2
8054,12054,2
8055,12055,2
8056,12056,2
8057,12057,2
8058,12058,2
8059,12059,2
8060,12060,2
8061,12061,2
8062,12062,2
8063,12063,2
8064,12064,2
8065,12065,2
8066,12066,2
8067,12067,2
8068,12068,2
8069,12069,2
8070,12070,2
8071,12071,2
8072,12072,2
8073,12073,2
8074,12074,2
8075,12075,2
8076,12076,2
8077,12077,2
8078,12078,2
8079,12079,2
8080,12080,2
8081,12081,2
8082,12082,2
8083,12083,2
8084,12084,2
8085,12085,2
8086,12086,2
8087,12087,2
8088,12088,2
8089,12089,2
8090,12090,2
8091,12091,2
8092,12092,2
8093,12093,2
8094,12094,2
8095,12095,2
8096,12096,2
8097,12097,2
8098,12098,2
8099,12099,2
8100,12100,2
8101,12101,2
8102,12102,2
8103,12103,2
8104,12104,2
8105,12105,2
8106,12106,2
8107,12107,2
8108,12108,2
8109,12109,2
8110,12110,2
8111,12111,2
8112,12112,2
8113,12113,2
8114,12114,2
8115,12115,2
8116,12116,2
8117,12117,2
8118,12118,2
8119,12119,2
8120,12120,2
8121,12121,2
8122,12122,2
8123,12123,2
8124,12124,2
8125,12125,2
8126,12126,2
8127,12127,2
8128,12128,2
8129,12129,2
8130,12130,2
8131,12131,2
8132,12132,2
8133,12133,2
8134,12134,2
8135,12135,2
8136,12136,2
8137,12137,2
8138,12138,2
8139,12139,2
8140,12140,2
8141,12141,2
8142,12142,2
8143,12143,2
8144,12144,2
8145,12145,2
8146,12146,2
8147,12147,2
8148,12148,2
8149,12149,2
8150,12150,2
8151,12151,2
8152,12152,2
8153,12153,2
8154,12154,2
8155,12155,2
8156,12156,2
8157,12157,2
8158,12158,2
8159,12159,2
8160,12160,2
8161,12161,2
8162,12162,2
8163,12163,2
8164,12164,2
8165,12165,2
8166,12166,2
8167,12167,2
8168,12168,2
8169,12169,2
8170,12170,2
8171,12171,2
8172,12172,2
8173,12173,2
8174,12174,2
8175,12175,2
8176,12176,2
8177,12177,2
8178,12178,2
8179,12179,2
8180,12180,2
8181,12181,2
8182,12182,2
8183,12183,2
8184,12184,2
8185,12185,2
8186,12186,2
8187,12187,2
8188,12188,2
8189,12189,2
8190,12190,2
8191,12191,2
8192,12192,2
8193,12193,2
8194,12194,2
8195,12195,2
8196,12196,2
8197,12197,2
8198,12198,2
8199,12199,2
8200,12200,2
8201,12201,2
8202,12202,2
8203,12203,2
8204,12204,2
8205,12205,2
8206,12206,2
8207,12207,2
8208,12208,2
8209,12209,2
8210,12210,2
8211,12211,2
8212,12212,2
8213,12213,2
8214,12214,2
8215,12215,2
8216,12216,2
8217,12217,2
8218,12218,2
8219,12219,2
8220,12220,2
8221,12221,2
8222,12222,2
8223,12223,2
8224,12224,2
8225,12225,2
8226,12226,2
8227,12227,2
8228,12228,2
8229,12229,2
8230,12230,2
8231,12231,2
8232,12232,2
8233,12233,2
8234,12234,2
8235,12235,2
8236,12236,2
8237,12237,2
8238,12238,2
8239,12239,2
8240,12240,2
8241,12241,2
8242,12242,2
8243,12243,2
8244,12244,2
8245,12245,2
8246,12246,2
8247,12247,2
8248,12248,2
8249,12249,2
8250,12250,2
8251,12251,2
8252,12252,2
8253,12253,2
8254,12254,2
8255,12255,2
8256,12256,2
8257,12257,2
8258,12258,2
8259,12259,2
8260,12260,2
8261,12261,2
8262,12262,2
8263,12263,2
8264,12264,2
8265,12265,2
8266,12266,2
8267,12267,2
8268,12268,2
8269,12269,2
8270,12270,2
8271,12271,2
8272,12272,2
8273,12273,2
8274,12274,2
8275,12275,2
8276,12276,2
8277,12277,2
8278,12278,2
8279,12279,2
8280,12280,2
8281,12281,2
8282,12282,2
8283,12283,2
8284,12284,2
8285,12285,2
8286,12286,2
8287,12287,2
8288,12288,2
8289,12289,2
8290,12290,2
8291,12291,2
8292,12292,2
8293,12293,2
8294,12294,2
8295,12295,2
8296,12296,2
8297,12297,2
8298,12298,2
8299,12299,2
8300,12300,2
8301,12301,2
8302,12302,2
8303,12303,2
8304,12304,2
8305,12305,2
8306,12306,2
8307,12307,2
8308,12308,2
8309,12309,2
8310,12310,2
8311,12311,2
8312,12312,2
8313,12313,2
8314,12314,2
8315,12315,2
8316,12316,2
8317,12317,2
8318,12318,2
8319,12319,2
8320,12320,2
8321,12321,2
8322,12322,2
8323,12323,2
8324,12324,2
8325,12325,2
8326,12326,2
8327,12327,2
8328,12328,2
8329,12329,2
8330,12330,2
8331,12331,2
8332,12332,2
8333,12333,2
8334,12334,2
8335,12335,2
8336,12336,2
8337,12337,2
8338,12338,2
8339,12339,2
8340,12340,2
8341,12341,2
8342,12342,2
8343,12343,2
8344,12344,2
8345,12345,2
8346,12346,2
8347,12347,2
8348,12348,2
8349,12349,2
8350,12350,2
8351,12351,2
8352,12352,2
8353,12353,2
8354,12354,2
8355,12355,2
8356,12356,2
8357,12357,2
8358,12358,2
8359,12359,2
8360,12360,2
8361,12361,2
8362,12362,2
8363,12363,2
8364,12364,2
8365,12365,2
8366,12366,2
8367,12367,2
8368,12368,2
8369,12369,2
8370,12370,2
8371,12371,2
8372,12372,2
8373,12373,2
8374,12374,2
8375,12375,2
8376,12376,2
8377,12377,2
8378,12378,2
8379,12379,2
8380,12380,2
8381,12381,2
8382,12382,2
8383,12383,2
8384,12384,2
8385,12385,2
8386,12386,2
8387,12387,2
8388,12388,2
8389,12389,2
8390,12390,2
8391,12391,2
8392,12392,2
8393,12393,2
8394,12394,2
8395,12395,2
8396,12396,2
8397,12397,2
8398,12398,2
8399,12399,2
8400,12400,2
8401,12401,2
8402,12402,2
8403,12403,2
8404,12404,2
8405,12405,2
8406,12406,2
8407,12407,2
8408,12408,2
8409,12409,2
8410,12410,2
8411,12411,2
8412,12412,2
8413,12413,2
8414,12414,2
8415,12415,2
8416,12416,2
8417,12417,2
8418,12418,2
8419,12419,2
8420,12420,2
8421,12421,2
8422,12422,2
8423,12423,2
8424,12424,2
8425,12425,2
8426,12426,2
8427,12427,2
8428,12428,2
8429,12429,2
8430,12430,2
8431,12431,2
8432,12432,2
8433,12433,2
8434,12434,2
8435,12435,2
8436,12436,2
8437,12437,2
8438,12438,2
8439,12439,2
8440,12440,2
8441,12441,2
8442,12442,2
8443,12443,2
8444,12444,2
8445,12445,2
8446,12446,2
8447,12447,2
8448,12448,2
8449,12449,2
8450,12450,2
8451,12451,2
8452,12452,2
8453,12453,2
8454,12454,2
8455,12455,2
8456,12456,2
8457,12457,2
8458,12458,2
8459,12459,2
8460,12460,2
8461,12461,2
8462,12462,2
8463,12463,2
8464,12464,2
8465,12465,2
8466,12466,2
8467,12467,2
8468,12468,2
8469,12469,2
8470,12470,2
8471,12471,2
8472,12472,2
8473,12473,2
8474,12474,2
8475,12475,2
8476,12476,2
8477,12477,2
8478,12478,2
8479,12479,2
8480,12480,2
8481,12481,2
8482,12482,2
8483,12483,2
8484,12484,2
8485,12485,2
8486,12486,2
8487,12487,2
8488,12488,2
8489,12489,2
8490,12490,2
8491,12491,2
8492,12492,2
8493,12493,2
8494,12494,2
8495,12495,2
8496,12496,2
8497,12497,2
8498,12498,2
8499,12499,2
8500,12500,2
8501,12501,2
8502,12502,2
8503,12503,2
8504,12504,2
8505,12505,2
8506,12506,2
8507,12507,2
8508,12508,2
8509,12509,2
8510,12510,2
8511,12511,2
8512,12512,2
8513,12513,2
8514,12514,2
8515,12515,2
8516,12516,2
8517,12517,2
8518,12518,2
8519,12519,2
8520,12520,2
8521,12521,2
8522,12522,2
8523,12523,2
8524,12524,2
8525,12525,2
8526,12526,2
8527,12527,2
8528,12528,2
8529,12529,2
8530,12530,2
8531,12531,2
8532,12532,2
8533,12533,2
8534,12534,2
8535,12535,2
8536,12536,2
8537,12537,2
8538,12538,2
8539,12539,2
8540,12540,2
8541,12541,2
8542,12542,2
8543,12543,2
8544,12544,2
8545,12545,2
8546,12546,2
8547,12547,2
8548,12548,2
8549,12549,2
8550,12550,2
8551,12551,2
8552,12552,2
8553,12553,2
8554,12554,2
8555,12555,2
8556,12556,2
8557,12557,2
8558,12558,2
8559,12559,2
8560,12560,2
8561,12561,2
8562,12562,2
8563,12563,2
8564,12564,2
8565,12565,2
8566,12566,2
8567,12567,2
8568,12568,2
8569,12569,2
8570,12570,2
8571,12571,2
8572,12572,2
8573,12573,2
8574,12574,2
8575,12575,2
8576,12576,2
8577,12577,2
8578,12578,2
8579,12579,2
8580,12580,2
8581,12581,2
8582,12582,2
8583,12583,2
8584,12584,2
8585,12585,2
8586,12586,2
8587,12587,2
8588,12588,2
8589,12589,2
8590,12590,2
8591,12591,2
8592,12592,2
8593,12593,2
8594,12594,2
8595,12595,2
8596,12596,2
8597,12597,2
8598,12598,2
8599,12599,2
8600,12600,2
8601,12601,2
8602,12602,2
8603,12603,2
8604,12604,2
8605,12605,2
8606,12606,2
8607,12607,2
8608,12608,2
8609,12609,2
8610,12610,2
8611,12611,2
8612,12612,2
8613,12613,2
8614,12614,2
8615,12615,2
8616,12616,2
8617,12617,2
8618,12618,2
8619,12619,2
8620,12620,2
8621,12621,2
8622,12622,2
8623,12623,2
8624,12624,2
8625,12625,2
8626,12626,2
8627,12627,2
8628,12628,2
8629,12629,2
8630,12630,2
8631,12631,2
8632,12632,2
8633,12633,2
8634,12634,2
8635,12635,2
8636,12636,2
8637,12637,2
8638,12638,2
8639,12639,2
8640,12640,2
8641,12641,2
8642,12642,2
8643,12643,2
8644,12644,2
8645,12645,2
8646,12646,2
8647,12647,2
8648,12648,2
8649,12649,2
8650,12650,2
8651,12651,2
8652,12652,2
8653,12653,2
8654,12654,2
8655,12655,2
8656,12656,2
8657,12657,2
8658,12658,2
8659,12659,2
8660,12660,2
8661,12661,2
8662,12662,2
8663,12663,2
8664,12664,2
8665,12665,2
8666,12666,2
8667,12667,2
8668,12668,2
8669,12669,2
8670,12670,2
8671,12671,2
8672,12672,2
8673,12673,2
8674,12674,2
8675,12675,2
8676,12676,2
8677,12677,2
8678,12678,2
8679,12679,2
8680,12680,2
8681,12681,2
8682,12682,2
8683,12683,2
8684,12684,2
8685,12685,2
8686,12686,2
8687,12687,2
8688,12688,2
8689,12689,2
8690,12690,2
8691,12691,2
8692,12692,2
8693,12693,2
8694,12694,2
8695,12695,2
8696,12696,2
8697,12697,2
8698,12698,2
8699,12699,2
8700,12700,2
8701,12701,2
8702,12702,2
8703,12703,2
8704,12704,2
8705,12705,2
8706,12706,2
8707,12707,2
8708,12708,2
8709,12709,2
8710,12710,2
8711,12711,2
8712,12712,2
8713,12713,2
8714,12714,2
8715,12715,2
8716,12716,2
8717,12717,2
8718,12718,2
8719,12719,2
8720,12720,2
8721,12721,2
8722,12722,2
8723,12723,2
8724,12724,2
8725,12725,2
8726,12726,2
8727,12727,2
8728,12728,2
8729,12729,2
8730,12730,2
8731,12731,2
8732,12732,2
8733,12733,2
8734,12734,2
8735,12735,2
8736,12736,2
8737,12737,2
8738,12738,2
8739,12739,2
8740,12740,2
8741,12741,2
8742,12742,2
8743,12743,2
8744,12744,2
8745,12745,2
8746,12746,2
8747,12747,2
8748,12748,2
8749,12749,2
8750,12750,2
8751,12751,2
8752,12752,2
8753,12753,2
8754,12754,2
8755,12755,2
8756,12756,2
8757,12757,2
8758,12758,2
8759,12759,2
8760,12760,2
8761,12761,2
8762,12762,2
8763,12763,2
8764,12764,2
8765,12765,2
8766,12766,2
8767,12767,2
8768,12768,2
8769,12769,2
8770,12770,2
8771,12771,2
8772,12772,2
8773,12773,2
8774,12774,2
8775,12775,2
8776,12776,2
8777,12777,2
8778,12778,2
8779,12779,2
8780,12780,2
8781,12781,2
8782,12782,2
8783,12783,2
8784,12784,2
8785,12785,2
8786,12786,2
8787,12787,2
8788,12788,2
8789,12789,2
8790,12790,2
8791,12791,2
8792,12792,2
8793,12793,2
8794,12794,2
8795,12795,2
8796,12796,2
8797,12797,2
8798,12798,2
8799,12799,2
8800,12800,2
8801,12801,2
8802,12802,2
8803,12803,2
8804,12804,2
8805,12805,2
8806,12806,2
8807,12807,2
8808,12808,2
8809,12809,2
8810,12810,2
8811,12811,2
8812,12812,2
8813,12813,2
8814,12814,2
8815,12815,2
8816,12816,2
8817,12817,2
8818,12818,2
8819,12819,2
8820,12820,2
8821,12821,2
8822,12822,2
8823,12823,2
8824,12824,2
8825,12825,2
8826,12826,2
8827,12827,2
8828,12828,2
8829,12829,2
8830,12830,2
8831,12831,2
8832,12832,2
8833,12833,2
8834,12834,2
8835,12835,2
8836,12836,2
8837,12837,2
8838,12838,2
8839,12839,2
8840,12840,2
8841,12841,2
8842,12842,2
8843,12843,2
8844,12844,2
8845,12845,2
8846,12846,2
8847,12847,2
8848,12848,2
8849,12849,2
8850,12850,2
8851,12851,2
8852,12852,2
8853,12853,2
8854,12854,2
8855,12855,2
8856,12856,2
8857,12857,2
8858,12858,2
8859,12859,2
8860,12860,2
8861,12861,2
8862,12862,2
8863,12863,2
8864,12864,2
8865,12865,2
8866,12866,2
8867,12867,2
8868,12868,2
8869,12869,2
8870,12870,2
8871,12871,2
8872,12872,2
8873,12873,2
8874,12874,2
8875,12875,2
8876,12876,2
8877,12877,2
8878,12878,2
8879,12879,2
8880,12880,2
8881,12881,2
8882,12882,2
8883,12883,2
8884,12884,2
8885,12885,2
8886,12886,2
8887,12887,2
8888,12888,2
8889,12889,2
8890,12890,2
8891,12891,2
8892,12892,2
8893,12893,2
8894,12894,2
8895,12895,2
8896,12896,2
8897,12897,2
8898,12898,2
8899,12899,2
8900,12900,2
8901,12901,2
8902,12902,2
8903,12903,2
8904,12904,2
8905,12905,2
8906,12906,2
8907,12907,2
8908,12908,2
8909,12909,2
8910,12910,2
8911,12911,2
8912,12912,2
8913,12913,2
8914,12914,2
8915,12915,2
8916,12916,2
8917,12917,2
8918,12918,2
8919,12919,2
8920,12920,2
8921,12921,2
8922,12922,2
8923,12923,2
8924,12924,2
8925,12925,2
8926,12926,2
8927,12927,2
8928,12928,2
8929,12929,2
8930,12930,2
8931,12931,2
8932,12932,2
8933,12933,2
8934,12934,2
8935,12935,2
8936,12936,2
8937,12937,2
8938,12938,2
8939,12939,2
8940,12940,2
8941,12941,2
8942,12942,2
8943,12943,2
8944,12944,2
8945,12945,2
8946,12946,2
8947,12947,2
8948,12948,2
8949,12949,2
8950,12950,2
8951,12951,2
8952,12952,2
8953,12953,2
8954,12954,2
8955,12955,2
8956,12956,2
8957,12957,2
8958,12958,2
8959,12959,2
8960,12960,2
8961,12961,2
8962,12962,2
8963,12963,2
8964,12964,2
8965,12965,2
8966,12966,2
8967,12967,2
8968,12968,2
8969,12969,2
8970,12970,2
8971,12971,2
8972,12972,2
8973,12973,2
8974,12974,2
8975,12975,2
8976,12976,2
8977,12977,2
8978,12978,2
8979,12979,2
8980,12980,2
8981,12981,2
8982,12982,2
8983,12983,2
8984,12984,2
8985,12985,2
8986,12986,2
8987,12987,2
8988,12988,2
8989,12989,2
8990,12990,2
8991,12991,2
8992,12992,2
8993,12993,2
8994,12994,2
8995,12995,2
8996,12996,2
8997,12997,2
8998,12998,2
8999,12999,2
9000,13000,2
9001,13001,2
9002,13002,2
9003,13003,2
9004,13004,2
9005,13005,2
9006,13006,2
9007,13007,2
9008,13008,2
9009,13009,2
9010,13010,2
9011,13011,2
9012,13012,2
9013,13013,2
9014,13014,2
9015,13015,2
9016,13016,2
9017,13017,2
9018,13018,2
9019,13019,2
9020,13020,2
9021,13021,2
9022,13022,2
9023,13023,2
9024,13024,2
9025,13025,2
9026,13026,2
9027,13027,2
9028,13028,2
9029,13029,2
9030,13030,2
9031,13031,2
9032,13032,2
9033,13033,2
9034,13034,2
9035,13035,2
9036,13036,2
9037,13037,2
9038,13038,2
9039,13039,2
9040,13040,2
9041,13041,2
9042,13042,2
9043,13043,2
9044,13044,2
9045,13045,2
9046,13046,2
9047,13047,2
9048,13048,2
9049,13049,2
9050,13050,2
9051,13051,2
9052,13052,2
9053,13053,2
9054,13054,2
9055,13055,2
9056,13056,2
9057,13057,2
9058,13058,2
9059,13059,2
9060,13060,2
9061,13061,2
9062,13062,2
9063,13063,2
9064,13064,2
9065,13065,2
9066,13066,2
9067,13067,2
9068,13068,2
9069,13069,2
9070,13070,2
9071,13071,2
9072,13072,2
9073,13073,2
9074,13074,2
9075,13075,2
9076,13076,2
9077,13077,2
9078,13078,2
9079,13079,2
9080,13080,2
9081,13081,2
9082,13082,2
9083,13083,2
9084,13084,2
9085,13085,2
9086,13086,2
9087,13087,2
9088,13088,2
9089,13089,2
9090,13090,2
9091,13091,2
9092,13092,2
9093,13093,2
9094,13094,2
9095,13095,2
9096,13096,2
9097,13097,2
9098,13098,2
9099,13099,2
9100,13100,2
9101,13101,2
9102,13102,2
9103,13103,2
9104,13104,2
9105,13105,2
9106,13106,2
9107,13107,2
9108,13108,2
9109,13109,2
9110,13110,2
9111,13111,2
9112,13112,2
9113,13113,2
9114,13114,2
9115,13115,2
9116,13116,2
9117,13117,2
9118,13118,2
9119,13119,2
9120,13120,2
9121,13121,2
9122,13122,2
9123,13123,2
9124,13124,2
9125,13125,2
9126,13126,2
9127,13127,2
9128,13128,2
9129,13129,2
9130,13130,2
9131,13131,2
9132,13132,2
9133,13133,2
9134,13134,2
9135,13135,2
9136,13136,2
9137,13137,2
9138,13138,2
9139,13139,2
9140,13140,2
9141,13141,2
9142,13142,2
9143,13143,2
9144,13144,2
9145,13145,2
9146,13146,2
9147,13147,2
9148,13148,2
9149,13149,2
9150,13150,2
9151,13151,2
9152,13152,2
9153,13153,2
9154,13154,2
9155,13155,2
9156,13156,2
9157,13157,2
9158,13158,2
9159,13159,2
9160,13160,2
9161,13161,2
9162,13162,2
9163,13163,2
9164,13164,2
9165,13165,2
9166,13166,2
9167,13167,2
9168,13168,2
9169,13169,2
9170,13170,2
9171,13171,2
9172,13172,2
9173,13173,2
9174,13174,2
9175,13175,2
9176,13176,2
9177,13177,2
9178,13178,2
9179,13179,2
9180,13180,2
9181,13181,2
9182,13182,2
9183,13183,2
9184,13184,2
9185,13185,2
9186,13186,2
9187,13187,2
9188,13188,2
9189,13189,2
9190,13190,2
9191,13191,2
9192,13192,2
9193,13193,2
9194,13194,2
9195,13195,2
9196,13196,2
9197,13197,2
9198,13198,2
9199,13199,2
9200,13200,2
9201,13201,2
9202,13202,2
9203,13203,2
9204,13204,2
9205,13205,2
9206,13206,2
9207,13207,2
9208,13208,2
9209,13209,2
9210,13210,2
9211,13211,2
9212,13212,2
9213,13213,2
9214,13214,2
9215,13215,2
9216,13216,2
9217,13217,2
9218,13218,2
9219,13219,2
9220,13220,2
9221,13221,2
9222,13222,2
9223,13223,2
9224,13224,2
9225,13225,2
9226,13226,2
9227,13227,2
9228,13228,2
9229,13229,2
9230,13230,2
9231,13231,2
9232,13232,2
9233,13233,2
9234,13234,2
9235,13235,2
9236,13236,2
9237,13237,2
9238,13238,2
9239,13239,2
9240,13240,2
9241,13241,2
9242,13242,2
9243,13243,2
9244,13244,2
9245,13245,2
9246,13246,2
9247,13247,2
9248,13248,2
9249,13249,2
9250,13250,2
9251,13251,2
9252,13252,2
9253,13253,2
9254,13254,2
9255,13255,2
9256,13256,2
9257,13257,2
9258,13258,2
9259,13259,2
9260,13260,2
9261,13261,2
9262,13262,2
9263,13263,2
9264,13264,2
9265,13265,2
9266,13266,2
9267,13267,2
9268,13268,2
9269,13269,2
9270,13270,2
9271,13271,2
9272,13272,2
9273,13273,2
9274,13274,2
9275,13275,2
9276,13276,2
9277,13277,2
9278,13278,2
9279,13279,2
9280,13280,2
9281,13281,2
9282,13282,2
9283,13283,2
9284,13284,2
9285,13285,2
9286,13286,2
9287,13287,2
9288,13288,2
9289,13289,2
9290,13290,2
9291,13291,2
9292,13292,2
9293,13293,2
9294,13294,2
9295,13295,2
9296,13296,2
9297,13297,2
9298,13298,2
9299,13299,2
9300,13300,2
9301,13301,2
9302,13302,2
9303,13303,2
9304,13304,2
9305,13305,2
9306,13306,2
9307,13307,2
9308,13308,2
9309,13309,2
9310,13310,2
9311,13311,2
9312,13312,2
9313,13313,2
9314,13314,2
9315,13315,2
9316,13316,2
9317,13317,2
9318,13318,2
9319,13319,2
9320,13320,2
9321,13321,2
9322,13322,2
9323,13323,2
9324,13324,2
9325,13325,2
9326,13326,2
9327,13327,2
9328,13328,2
9329,13329,2
9330,13330,2
9331,13331,2
9332,13332,2
9333,13333,2
9334,13334,2
9335,13335,2
9336,13336,2
9337,13337,2
9338,13338,2
9339,13339,2
9340,13340,2
9341,13341,2
9342,13342,2
9343,13343,2
9344,13344,2
9345,13345,2
9346,13346,2
9347,13347,2
9348,13348,2
9349,13349,2
9350,13350,2
9351,13351,2
9352,13352,2
9353,13353,2
9354,13354,2
9355,13355,2
9356,13356,2
9357,13357,2
9358,13358,2
9359,13359,2
9360,13360,2
9361,13361,2
9362,13362,2
9363,13363,2
9364,13364,2
9365,13365,2
9366,13366,2
9367,13367,2
9368,13368,2
9369,13369,2
9370,13370,2
9371,13371,2
9372,13372,2
9373,13373,2
9374,13374,2
9375,13375,2
9376,13376,2
9377,13377,2
9378,13378,2
9379,13379,2
9380,13380,2
9381,13381,2
9382,13382,2
9383,13383,2
9384,13384,2
9385,13385,2
9386,13386,2
9387,13387,2
9388,13388,2
9389,13389,2
9390,13390,2
9391,13391,2
9392,13392,2
9393,13393,2
9394,13394,2
9395,13395,2
9396,13396,2
9397,13397,2
9398,13398,2
9399,13399,2
9400,13400,2
9401,13401,2
9402,13402,2
9403,13403,2
9404,13404,2
9405,13405,2
9406,13406,2
9407,13407,2
9408,13408,2
9409,13409,2
9410,13410,2
9411,13411,2
9412,13412,2
9413,13413,2
9414,13414,2
9415,13415,2
9416,13416,2
9417,13417,2
9418,13418,2
9419,13419,2
9420,13420,2
9421,13421,2
9422,13422,2
9423,13423,2
9424,13424,2
9425,13425,2
9426,13426,2
9427,13427,2
9428,13428,2
9429,13429,2
9430,13430,2
9431,13431,2
9432,13432,2
9433,13433,2
9434,13434,2
9435,13435,2
9436,13436,2
9437,13437,2
9438,13438,2
9439,13439,2
9440,13440,2
9441,13441,2
9442,13442,2
9443,13443,2
9444,13444,2
9445,13445,2
9446,13446,2
9447,13447,2
9448,13448,2
9449,13449,2
9450,13450,2
9451,13451,2
9452,13452,2
9453,13453,2
9454,13454,2
9455,13455,2
9456,13456,2
9457,13457,2
9458,13458,2
9459,13459,2
9460,13460,2
9461,13461,2
9462,13462,2
9463,13463,2
9464,13464,2
9465,13465,2
9466,13466,2
9467,13467,2
9468,13468,2
9469,13469,2
9470,13470,2
9471,13471,2
9472,13472,2
9473,13473,2
9474,13474,2
9475,13475,2
9476,13476,2
9477,13477,2
9478,13478,2
9479,13479,2
9480,13480,2
9481,13481,2
9482,13482,2
9483,13483,2
9484,13484,2
9485,13485,2
9486,13486,2
9487,13487,2
9488,13488,2
9489,13489,2
9490,13490,2
9491,13491,2
9492,13492,2
9493,13493,2
9494,13494,2
9495,13495,2
9496,13496,2
9497,13497,2
9498,13498,2
9499,13499,2
9500,13500,2
9501,13501,2
9502,13502,2
9503,13503,2
9504,13504,2
9505,13505,2
9506,13506,2
9507,13507,2
9508,13508,2
9509,13509,2
9510,13510,2
9511,13511,2
9512,13512,2
9513,13513,2
9514,13514,2
9515,13515,2
9516,13516,2
9517,13517,2
9518,13518,2
9519,13519,2
9520,13520,2
9521,13521,2
9522,13522,2
9523,13523,2
9524,13524,2
9525,13525,2
9526,13526,2
9527,13527,2
9528,13528,2
9529,13529,2
9530,13530,2
9531,13531,2
9532,13532,2
9533,13533,2
9534,13534,2
9535,13535,2
9536,13536,2
9537,13537,2
9538,13538,2
9539,13539,2
9540,13540,2
9541,13541,2
9542,13542,2
9543,13543,2
9544,13544,2
9545,13545,2
9546,13546,2
9547,13547,2
9548,13548,2
9549,13549,2
9550,13550,2
9551,13551,2
9552,13552,2
9553,13553,2
9554,13554,2
9555,13555,2
9556,13556,2
9557,13557,2
9558,13558,2
9559,13559,2
9560,13560,2
9561,13561,2
9562,13562,2
9563,13563,2
9564,13564,2
9565,13565,2
9566,13566,2
9567,13567,2
9568,13568,2
9569,13569,2
9570,13570,2
9571,13571,2
9572,13572,2
9573,13573,2
9574,13574,2
9575,13575,2
9576,13576,2
9577,13577,2
9578,13578,2
9579,13579,2
9580,13580,2
9581,13581,2
9582,13582,2
9583,13583,2
9584,13584,2
9585,13585,2
9586,13586,2
9587,13587,2
9588,13588,2
9589,13589,2
9590,13590,2
9591,13591,2
9592,13592,2
9593,13593,2
9594,13594,2
9595,13595,2
9596,13596,2
9597,13597,2
9598,13598,2
9599,13599,2
9600,13600,2
9601,13601,2
9602,13602,2
9603,13603,2
9604,13604,2
9605,13605,2
9606,13606,2
9607,13607,2
9608,13608,2
9609,13609,2
9610,13610,2
9611,13611,2
9612,13612,2
9613,13613,2
9614,13614,2
9615,13615,2
9616,13616,2
9617,13617,2
9618,13618,2
9619,13619,2
9620,13620,2
9621,13621,2
9622,13622,2
9623,13623,2
9624,13624,2
9625,13625,2
9626,13626,2
9627,13627,2
9628,13628,2
9629,13629,2
9630,13630,2
9631,13631,2
9632,13632,2
9633,13633,2
9634,13634,2
9635,13635,2
9636,13636,2
9637,13637,2
9638,13638,2
9639,13639,2
9640,13640,2
9641,13641,2
9642,13642,2
9643,13643,2
9644,13644,2
9645,13645,2
9646,13646,2
9647,13647,2
9648,13648,2
9649,13649,2
9650,13650,2
9651,13651,2
9652,13652,2
9653,13653,2
9654,13654,2
9655,13655,2
9656,13656,2
9657,13657,2
9658,13658,2
9659,13659,2
9660,13660,2
9661,13661,2
9662,13662,2
9663,13663,2
9664,13664,2
9665,13665,2
9666,13666,2
9667,13667,2
9668,13668,2
9669,13669,2
9670,13670,2
9671,13671,2
9672,13672,2
9673,13673,2
9674,13674,2
9675,13675,2
9676,13676,2
9677,13677,2
9678,13678,2
9679,13679,2
9680,13680,2
9681,13681,2
9682,13682,2
9683,13683,2
9684,13684,2
9685,13685,2
9686,13686,2
9687,13687,2
9688,13688,2
9689,13689,2
9690,13690,2
9691,13691,2
9692,13692,2
9693,13693,2
9694,13694,2
9695,13695,2
9696,13696,2
9697,13697,2
9698,13698,2
9699,13699,2
9700,13700,2
9701,13701,2
9702,13702,2
9703,13703,2
9704,13704,2
9705,13705,2
9706,13706,2
9707,13707,2
9708,13708,2
9709,13709,2
9710,13710,2
9711,13711,2
9712,13712,2
9713,13713,2
9714,13714,2
9715,13715,2
9716,13716,2
9717,13717,2
9718,13718,2
9719,13719,2
9720,13720,2
9721,13721,2
9722,13722,2
9723,13723,2
9724,13724,2
9725,13725,2
9726,13726,2
9727,13727,2
9728,13728,2
9729,13729,2
9730,13730,2
9731,13731,2
9732,13732,2
9733,13733,2
9734,13734,2
9735,13735,2
9736,13736,2
9737,13737,2
9738,13738,2
9739,13739,2
9740,13740,2
9741,13741,2
9742,13742,2
9743,13743,2
9744,13744,2
9745,13745,2
9746,13746,2
9747,13747,2
9748,13748,2
9749,13749,2
9750,13750,2
9751,13751,2
9752,13752,2
9753,13753,2
9754,13754,2
9755,13755,2
9756,13756,2
9757,13757,2
9758,13758,2
9759,13759,2
9760,13760,2
9761,13761,2
9762,13762,2
9763,13763,2
9764,13764,2
9765,13765,2
9766,13766,2
9767,13767,2
9768,13768,2
9769,13769,2
9770,13770,2
9771,13771,2
9772,13772,2
9773,13773,2
9774,13774,2
9775,13775,2
9776,13776,2
9777,13777,2
9778,13778,2
9779,13779,2
9780,13780,2
9781,13781,2
9782,13782,2
9783,13783,2
9784,13784,2
9785,13785,2
9786,13786,2
9787,13787,2
9788,13788,2
9789,13789,2
9790,13790,2
9791,13791,2
9792,13792,2
9793,13793,2
9794,13794,2
9795,13795,2
9796,13796,2
9797,13797,2
9798,13798,2
9799,13799,2
9800,13800,2
9801,13801,2
9802,13802,2
9803,13803,2
9804,13804,2
9805,13805,2
9806,13806,2
9807,13807,2
9808,13808,2
9809,13809,2
9810,13810,2
9811,13811,2
9812,13812,2
9813,13813,2
9814,13814,2
9815,13815,2
9816,13816,2
9817,13817,2
9818,13818,2
9819,13819,2
9820,13820,2
9821,13821,2
9822,13822,2
9823,13823,2
9824,13824,2
9825,13825,2
9826,13826,2
9827,13827,2
9828,13828,2
9829,13829,2
9830,13830,2
9831,13831,2
9832,13832,2
9833,13833,2
9834,13834,2
9835,13835,2
9836,13836,2
9837,13837,2
9838,13838,2
9839,13839,2
9840,13840,2
9841,13841,2
9842,13842,2
9843,13843,2
9844,13844,2
9845,13845,2
9846,13846,2
9847,13847,2
9848,13848,2
9849,13849,2
9850,13850,2
9851,13851,2
9852,13852,2
9853,13853,2
9854,13854,2
9855,13855,2
9856,13856,2
9857,13857,2
9858,13858,2
9859,13859,2
9860,13860,2
9861,13861,2
9862,13862,2
9863,13863,2
9864,13864,2
9865,13865,2
9866,13866,2
9867,13867,2
9868,13868,2
9869,13869,2
9870,13870,2
9871,13871,2
9872,13872,2
9873,13873,2
9874,13874,2
9875,13875,2
9876,13876,2
9877,13877,2
9878,13878,2
9879,13879,2
9880,13880,2
9881,13881,2
9882,13882,2
9883,13883,2
9884,13884,2
9885,13885,2
9886,13886,2
9887,13887,2
9888,13888,2
9889,13889,2
9890,13890,2
9891,13891,2
9892,13892,2
9893,13893,2
9894,13894,2
9895,13895,2
9896,13896,2
9897,13897,2
9898,13898,2
9899,13899,2
9900,13900,2
9901,13901,2
9902,13902,2
9903,13903,2
9904,13904,2
9905,13905,2
9906,13906,2
9907,13907,2
9908,13908,2
9909,13909,2
9910,13910,2
9911,13911,2
9912,13912,2
9913,13913,2
9914,13914,2
9915,13915,2
9916,13916,2
9917,13917,2
9918,13918,2
9919,13919,2
9920,13920,2
9921,13921,2
9922,13922,2
9923,13923,2
9924,13924,2
9925,13925,2
9926,13926,2
9927,13927,2
9928,13928,2
9929,13929,2
9930,13930,2
9931,13931,2
9932,13932,2
9933,13933,2
9934,13934,2
9935,13935,2
9936,13936,2
9937,13937,2
9938,13938,2
9939,13939,2
9940,13940,2
9941,13941,2
9942,13942,2
9943,13943,2
9944,13944,2
9945,13945,2
9946,13946,2
9947,13947,2
9948,13948,2
9949,13949,2
9950,13950,2
9951,13951,2
9952,13952,2
9953,13953,2
9954,13954,2
9955,13955,2
9956,13956,2
9957,13957,2
9958,13958,2
9959,13959,2
9960,13960,2
9961,13961,2
9962,13962,2
9963,13963,2
9964,13964,2
9965,13965,2
9966,13966,2
9967,13967,2
9968,13968,2
9969,13969,2
9970,13970,2
9971,13971,2
9972,13972,2
9973,13973,2
9974,13974,2
9975,13975,2
9976,13976,2
9977,13977,2
9978,13978,2
9979,13979,2
9980,13980,2
9981,13981,2
9982,13982,2
9983,13983,2
9984,13984,2
9985,13985,2
9986,13986,2
9987,13987,2
9988,13988,2
9989,13989,2
9990,13990,2
9991,13991,2
9992,13992,2
9993,13993,2
9994,13994,2
9995,13995,2
9996,13996,2
9997,13997,2
9998,13998,2
9999,13999,2
10000,14000,2
10001,14001,2
10002,14002,2
10003,14003,2
10004,14004,2
10005,14005,2
10006,14006,2
10007,14007,2
10008,14008,2
10009,14009,2
10010,14010,2
10011,14011,2
10012,14012,2
10013,14013,2
10014,14014,2
10015,14015,2
10016,14016,2
10017,14017,2
10018,14018,2
10019,14019,2
10020,14020,2
10021,14021,2
10022,14022,2
10023,14023,2
10024,14024,2
10025,14025,2
10026,14026,2
10027,14027,2
10028,14028,2
10029,14029,2
10030,14030,2
10031,14031,2
10032,14032,2
10033,14033,2
10034,14034,2
10035,14035,2
10036,14036,2
10037,14037,2
10038,14038,2
10039,14039,2
10040,14040,2
10041,14041,2
10042,14042,2
10043,14043,2
10044,14044,2
10045,14045,2
10046,14046,2
10047,14047,2
10048,14048,2
10049,14049,2
10050,14050,2
10051,14051,2
10052,14052,2
10053,14053,2
10054,14054,2
10055,14055,2
10056,14056,2
10057,14057,2
10058,14058,2
10059,14059,2
10060,14060,2
10061,14061,2
10062,14062,2
10063,14063,2
10064,14064,2
10065,14065,2
10066,14066,2
10067,14067,2
10068,14068,2
10069,14069,2
10070,14070,2
10071,14071,2
10072,14072,2
10073,14073,2
10074,14074,2
10075,14075,2
10076,14076,2
10077,14077,2
10078,14078,2
10079,14079,2
10080,14080,2
10081,14081,2
10082,14082,2
10083,14083,2
10084,14084,2
10085,14085,2
10086,14086,2
10087,14087,2
10088,14088,2
10089,14089,2
10090,14090,2
10091,14091,2
10092,14092,2
10093,14093,2
10094,14094,2
10095,14095,2
10096,14096,2
10097,14097,2
10098,14098,2
10099,14099,2
10100,14100,2
10101,14101,2
10102,14102,2
10103,14103,2
10104,14104,2
10105,14105,2
10106,14106,2
10107,14107,2
10108,14108,2
10109,14109,2
10110,14110,2
10111,14111,2
10112,14112,2
10113,14113,2
10114,14114,2
10115,14115,2
10116,14116,2
10117,14117,2
10118,14118,2
10119,14119,2
10120,14120,2
10121,14121,2
10122,14122,2
10123,14123,2
10124,14124,2
10125,14125,2
10126,14126,2
10127,14127,2
10128,14128,2
10129,14129,2
10130,14130,2
10131,14131,2
10132,14132,2
10133,14133,2
10134,14134,2
10135,14135,2
10136,14136,2
10137,14137,2
10138,14138,2
10139,14139,2
10140,14140,2
10141,14141,2
10142,14142,2
10143,14143,2
10144,14144,2
10145,14145,2
10146,14146,2
10147,14147,2
10148,14148,2
10149,14149,2
10150,14150,2
10151,14151,2
10152,14152,2
10153,14153,2
10154,14154,2
10155,14155,2
10156,14156,2
10157,14157,2
10158,14158,2
10159,14159,2
10160,14160,2
10161,14161,2
10162,14162,2
10163,14163,2
10164,14164,2
10165,14165,2
10166,14166,2
10167,14167,2
10168,14168,2
10169,14169,2
10170,14170,2
10171,14171,2
10172,14172,2
10173,14173,2
10174,14174,2
10175,14175,2
10176,14176,2
10177,14177,2
10178,14178,2
10179,14179,2
10180,14180,2
10181,14181,2
10182,14182,2
10183,14183,2
10184,14184,2
10185,14185,2
10186,14186,2
10187,14187,2
10188,14188,2
10189,14189,2
10190,14190,2
10191,14191,2
10192,14192,2
10193,14193,2
10194,14194,2
10195,14195,2
10196,14196,2
10197,14197,2
10198,14198,2
10199,14199,2
10200,14200,2
10201,14201,2
10202,14202,2
10203,14203,2
10204,14204,2
10205,14205,2
10206,14206,2
10207,14207,2
10208,14208,2
10209,14209,2
10210,14210,2
10211,14211,2
10212,14212,2
10213,14213,2
10214,14214,2
10215,14215,2
10216,14216,2
10217,14217,2
10218,14218,2
10219,14219,2
10220,14220,2
10221,14221,2
10222,14222,2
10223,14223,2
10224,14224,2
10225,14225,2
10226,14226,2
10227,14227,2
10228,14228,2
10229,14229,2
10230,14230,2
10231,14231,2
10232,14232,2
10233,14233,2
10234,14234,2
10235,14235,2
10236,14236,2
10237,14237,2
10238,14238,2
10239,14239,2
10240,14240,2
10241,14241,2
10242,14242,2
10243,14243,2
10244,14244,2
10245,14245,2
10246,14246,2
10247,14247,2
10248,14248,2
10249,14249,2
10250,14250,2
10251,14251,2
10252,14252,2
10253,14253,2
10254,14254,2
10255,14255,2
10256,14256,2
10257,14257,2
10258,14258,2
10259,14259,2
10260,14260,2
10261,14261,2
10262,14262,2
10263,14263,2
10264,14264,2
10265,14265,2
10266,14266,2
10267,14267,2
10268,14268,2
10269,14269,2
10270,14270,2
10271,14271,2
10272,14272,2
10273,14273,2
10274,14274,2
10275,14275,2
10276,14276,2
10277,14277,2
10278,14278,2
10279,14279,2
10280,14280,2
10281,14281,2
10282,14282,2
10283,14283,2
10284,14284,2
10285,14285,2
10286,14286,2
10287,14287,2
10288,14288,2
10289,14289,2
10290,14290,2
10291,14291,2
10292,14292,2
10293,14293,2
10294,14294,2
10295,14295,2
10296,14296,2
10297,14297,2
10298,14298,2
10299,14299,2
10300,14300,2
10301,14301,2
10302,14302,2
10303,14303,2
10304,14304,2
10305,14305,2
10306,14306,2
10307,14307,2
10308,14308,2
10309,14309,2
10310,14310,2
10311,14311,2
10312,14312,2
10313,14313,2
10314,14314,2
10315,14315,2
10316,14316,2
10317,14317,2
10318,14318,2
10319,14319,2
10320,14320,2
10321,14321,2
10322,14322,2
10323,14323,2
10324,14324,2
10325,14325,2
10326,14326,2
10327,14327,2
10328,14328,2
10329,14329,2
10330,14330,2
10331,14331,2
10332,14332,2
10333,14333,2
10334,14334,2
10335,14335,2
10336,14336,2
10337,14337,2
10338,14338,2
10339,14339,2
10340,14340,2
10341,14341,2
10342,14342,2
10343,14343,2
10344,14344,2
10345,14345,2
10346,14346,2
10347,14347,2
10348,14348,2
10349,14349,2
10350,14350,2
10351,14351,2
10352,14352,2
10353,14353,2
10354,14354,2
10355,14355,2
10356,14356,2
10357,14357,2
10358,14358,2
10359,14359,2
10360,14360,2
10361,14361,2
10362,14362,2
10363,14363,2
10364,14364,2
10365,14365,2
10366,14366,2
10367,14367,2
10368,14368,2
10369,14369,2
10370,14370,2
10371,14371,2
10372,14372,2
10373,14373,2
10374,14374,2
10375,14375,2
10376,14376,2
10377,14377,2
10378,14378,2
10379,14379,2
10380,14380,2
10381,14381,2
10382,14382,2
10383,14383,2
10384,14384,2
10385,14385,2
10386,14386,2
10387,14387,2
10388,14388,2
10389,14389,2
10390,14390,2
10391,14391,2
10392,14392,2
10393,14393,2
10394,14394,2
10395,14395,2
10396,14396,2
10397,14397,2
10398,14398,2
10399,14399,2
10400,14400,2
10401,14401,2
10402,14402,2
10403,14403,2
10404,14404,2
10405,14405,2
10406,14406,2
10407,14407,2
10408,14408,2
10409,14409,2
10410,14410,2
10411,14411,2
10412,14412,2
10413,14413,2
10414,14414,2
10415,14415,2
10416,14416,2
10417,14417,2
10418,14418,2
10419,14419,2
10420,14420,2
10421,14421,2
10422,14422,2
10423,14423,2
10424,14424,2
10425,14425,2
10426,14426,2
10427,14427,2
10428,14428,2
10429,14429,2
10430,14430,2
10431,14431,2
10432,14432,2
10433,14433,2
10434,14434,2
10435,14435,2
10436,14436,2
10437,14437,2
10438,14438,2
10439,14439,2
10440,14440,2
10441,14441,2
10442,14442,2
10443,14443,2
10444,14444,2
10445,14445,2
10446,14446,2
10447,14447,2
10448,14448,2
10449,14449,2
10450,14450,2
10451,14451,2
10452,14452,2
10453,14453,2
10454,14454,2
10455,14455,2
10456,14456,2
10457,14457,2
10458,14458,2
10459,14459,2
10460,14460,2
10461,14461,2
10462,14462,2
10463,14463,2
10464,14464,2
10465,14465,2
10466,14466,2
10467,14467,2
10468,14468,2
10469,14469,2
10470,14470,2
10471,14471,2
10472,14472,2
10473,14473,2
10474,14474,2
10475,14475,2
10476,14476,2
10477,14477,2
10478,14478,2
10479,14479,2
10480,14480,2
10481,14481,2
10482,14482,2
10483,14483,2
10484,14484,2
10485,14485,2
10486,14486,2
10487,14487,2
10488,14488,2
10489,14489,2
10490,14490,2
10491,14491,2
10492,14492,2
10493,14493,2
10494,14494,2
10495,14495,2
10496,14496,2
10497,14497,2
10498,14498,2
10499,14499,2
10500,14500,2
10501,14501,2
10502,14502,2
10503,14503,2
10504,14504,2
10505,14505,2
10506,14506,2
10507,14507,2
10508,14508,2
10509,14509,2
10510,14510,2
10511,14511,2
10512,14512,2
10513,14513,2
10514,14514,2
10515,14515,2
10516,14516,2
10517,14517,2
10518,14518,2
10519,14519,2
10520,14520,2
10521,14521,2
10522,14522,2
10523,14523,2
10524,14524,2
10525,14525,2
10526,14526,2
10527,14527,2
10528,14528,2
10529,14529,2
10530,14530,2
10531,14531,2
10532,14532,2
10533,14533,2
10534,14534,2
10535,14535,2
10536,14536,2
10537,14537,2
10538,14538,2
10539,14539,2
10540,14540,2
10541,14541,2
10542,14542,2
10543,14543,2
10544,14544,2
10545,14545,2
10546,14546,2
10547,14547,2
10548,14548,2
10549,14549,2
10550,14550,2
10551,14551,2
10552,14552,2
10553,14553,2
10554,14554,2
10555,14555,2
10556,14556,2
10557,14557,2
10558,14558,2
10559,14559,2
10560,14560,2
10561,14561,2
10562,14562,2
10563,14563,2
10564,14564,2
10565,14565,2
10566,14566,2
10567,14567,2
10568,14568,2
10569,14569,2
10570,14570,2
10571,14571,2
10572,14572,2
10573,14573,2
10574,14574,2
10575,14575,2
10576,14576,2
10577,14577,2
10578,14578,2
10579,14579,2
10580,14580,2
10581,14581,2
10582,14582,2
10583,14583,2
10584,14584,2
10585,14585,2
10586,14586,2
10587,14587,2
10588,14588,2
10589,14589,2
10590,14590,2
10591,14591,2
10592,14592,2
10593,14593,2
10594,14594,2
10595,14595,2
10596,14596,2
10597,14597,2
10598,14598,2
10599,14599,2
10600,14600,2
10601,14601,2
10602,14602,2
10603,14603,2
10604,14604,2
10605,14605,2
10606,14606,2
10607,14607,2
10608,14608,2
10609,14609,2
10610,14610,2
10611,14611,2
10612,14612,2
10613,14613,2
10614,14614,2
10615,14615,2
10616,14616,2
10617,14617,2
10618,14618,2
10619,14619,2
10620,14620,2
10621,14621,2
10622,14622,2
10623,14623,2
10624,14624,2
10625,14625,2
10626,14626,2
10627,14627,2
10628,14628,2
10629,14629,2
10630,14630,2
10631,14631,2
10632,14632,2
10633,14633,2
10634,14634,2
10635,14635,2
10636,14636,2
10637,14637,2
10638,14638,2
10639,14639,2
10640,14640,2
10641,14641,2
10642,14642,2
10643,14643,2
10644,14644,2
10645,14645,2
10646,14646,2
10647,14647,2
10648,14648,2
10649,14649,2
10650,14650,2
10651,14651,2
10652,14652,2
10653,14653,2
10654,14654,2
10655,14655,2
10656,14656,2
10657,14657,2
10658,14658,2
10659,14659,2
10660,14660,2
10661,14661,2
10662,14662,2
10663,14663,2
10664,14664,2
10665,14665,2
10666,14666,2
10667,14667,2
10668,14668,2
10669,14669,2
10670,14670,2
10671,14671,2
10672,14672,2
10673,14673,2
10674,14674,2
10675,14675,2
10676,14676,2
10677,14677,2
10678,14678,2
10679,14679,2
10680,14680,2
10681,14681,2
10682,14682,2
10683,14683,2
10684,14684,2
10685,14685,2
10686,14686,2
10687,14687,2
10688,14688,2
10689,14689,2
10690,14690,2
10691,14691,2
10692,14692,2
10693,14693,2
10694,14694,2
10695,14695,2
10696,14696,2
10697,14697,2
10698,14698,2
10699,14699,2
10700,14700,2
10701,14701,2
10702,14702,2
10703,14703,2
10704,14704,2
10705,14705,2
10706,14706,2
10707,14707,2
10708,14708,2
10709,14709,2
10710,14710,2
10711,14711,2
10712,14712,2
10713,14713,2
10714,14714,2
10715,14715,2
10716,14716,2
10717,14717,2
10718,14718,2
10719,14719,2
10720,14720,2
10721,14721,2
10722,14722,2
10723,14723,2
10724,14724,2
10725,14725,2
10726,14726,2
10727,14727,2
10728,14728,2
10729,14729,2
10730,14730,2
10731,14731,2
10732,14732,2
10733,14733,2
10734,14734,2
10735,14735,2
10736,14736,2
10737,14737,2
10738,14738,2
10739,14739,2
10740,14740,2
10741,14741,2
10742,14742,2
10743,14743,2
10744,14744,2
10745,14745,2
10746,14746,2
10747,14747,2
10748,14748,2
10749,14749,2
10750,14750,2
10751,14751,2
10752,14752,2
10753,14753,2
10754,14754,2
10755,14755,2
10756,14756,2
10757,14757,2
10758,14758,2
10759,14759,2
10760,14760,2
10761,14761,2
10762,14762,2
10763,14763,2
10764,14764,2
10765,14765,2
10766,14766,2
10767,14767,2
10768,14768,2
10769,14769,2
10770,14770,2
10771,14771,2
10772,14772,2
10773,14773,2
10774,14774,2
10775,14775,2
10776,14776,2
10777,14777,2
10778,14778,2
10779,14779,2
10780,14780,2
10781,14781,2
10782,14782,2
10783,14783,2
10784,14784,2
10785,14785,2
10786,14786,2
10787,14787,2
10788,14788,2
10789,14789,2
10790,14790,2
10791,14791,2
10792,14792,2
10793,14793,2
10794,14794,2
10795,14795,2
10796,14796,2
10797,14797,2
10798,14798,2
10799,14799,2
10800,14800,2
10801,14801,2
10802,14802,2
10803,14803,2
10804,14804,2
10805,14805,2
10806,14806,2
10807,14807,2
10808,14808,2
10809,14809,2
10810,14810,2
10811,14811,2
10812,14812,2
10813,14813,2
10814,14814,2
10815,14815,2
10816,14816,2
10817,14817,2
10818,14818,2
10819,14819,2
10820,14820,2
10821,14821,2
10822,14822,2
10823,14823,2
10824,14824,2
10825,14825,2
10826,14826,2
10827,14827,2
10828,14828,2
10829,14829,2
10830,14830,2
10831,14831,2
10832,14832,2
10833,14833,2
10834,14834,2
10835,14835,2
10836,14836,2
10837,14837,2
10838,14838,2
10839,14839,2
10840,14840,2
10841,14841,2
10842,14842,2
10843,14843,2
10844,14844,2
10845,14845,2
10846,14846,2
10847,14847,2
10848,14848,2
10849,14849,2
10850,14850,2
10851,14851,2
10852,14852,2
10853,14853,2
10854,14854,2
10855,14855,2
10856,14856,2
10857,14857,2
10858,14858,2
10859,14859,2
10860,14860,2
10861,14861,2
10862,14862,2
10863,14863,2
10864,14864,2
10865,14865,2
10866,14866,2
10867,14867,2
10868,14868,2
10869,14869,2
10870,14870,2
10871,14871,2
10872,14872,2
10873,14873,2
10874,14874,2
10875,14875,2
10876,14876,2
10877,14877,2
10878,14878,2
10879,14879,2
10880,14880,2
10881,14881,2
10882,14882,2
10883,14883,2
10884,14884,2
10885,14885,2
10886,14886,2
10887,14887,2
10888,14888,2
10889,14889,2
10890,14890,2
10891,14891,2
10892,14892,2
10893,14893,2
10894,14894,2
10895,14895,2
10896,14896,2
10897,14897,2
10898,14898,2
10899,14899,2
10900,14900,2
10901,14901,2
10902,14902,2
10903,14903,2
10904,14904,2
10905,14905,2
10906,14906,2
10907,14907,2
10908,14908,2
10909,14909,2
10910,14910,2
10911,14911,2
10912,14912,2
10913,14913,2
10914,14914,2
10915,14915,2
10916,14916,2
10917,14917,2
10918,14918,2
10919,14919,2
10920,14920,2
10921,14921,2
10922,14922,2
10923,14923,2
10924,14924,2
10925,14925,2
10926,14926,2
10927,14927,2
10928,14928,2
10929,14929,2
10930,14930,2
10931,14931,2
10932,14932,2
10933,14933,2
10934,14934,2
10935,14935,2
10936,14936,2
10937,14937,2
10938,14938,2
10939,14939,2
10940,14940,2
10941,14941,2
10942,14942,2
10943,14943,2
10944,14944,2
10945,14945,2
10946,14946,2
10947,14947,2
10948,14948,2
10949,14949,2
10950,14950,2
10951,14951,2
10952,14952,2
10953,14953,2
10954,14954,2
10955,14955,2
10956,14956,2
10957,14957,2
10958,14958,2
10959,14959,2
10960,14960,2
10961,14961,2
10962,14962,2
10963,14963,2
10964,14964,2
10965,14965,2
10966,14966,2
10967,14967,2
10968,14968,2
10969,14969,2
10970,14970,2
10971,14971,2
10972,14972,2
10973,14973,2
10974,14974,2
10975,14975,2
10976,14976,2
10977,14977,2
10978,14978,2
10979,14979,2
10980,14980,2
10981,14981,2
10982,14982,2
10983,14983,2
10984,14984,2
10985,14985,2
10986,14986,2
10987,14987,2
10988,14988,2
10989,14989,2
10990,14990,2
10991,14991,2
10992,14992,2
10993,14993,2
10994,14994,2
10995,14995,2
10996,14996,2
10997,14997,2
10998,14998,2
10999,14999,2
11000,15000,2
11001,15001,2
11002,15002,2
11003,15003,2
11004,15004,2
11005,15005,2
11006,15006,2
11007,15007,2
11008,15008,2
11009,15009,2
11010,15010,2
11011,15011,2
11012,15012,2
11013,15013,2
11014,15014,2
11015,15015,2
11016,15016,2
11017,15017,2
11018,15018,2
11019,15019,2
11020,15020,2
11021,15021,2
11022,15022,2
11023,15023,2
11024,15024,2
11025,15025,2
11026,15026,2
11027,15027,2
11028,15028,2
11029,15029,2
11030,15030,2
11031,15031,2
11032,15032,2
11033,15033,2
11034,15034,2
11035,15035,2
11036,15036,2
11037,15037,2
11038,15038,2
11039,15039,2
11040,15040,2
11041,15041,2
11042,15042,2
11043,15043,2
11044,15044,2
11045,15045,2
11046,15046,2
11047,15047,2
11048,15048,2
11049,15049,2
11050,15050,2
11051,15051,2
11052,15052,2
11053,15053,2
11054,15054,2
11055,15055,2
11056,15056,2
11057,15057,2
11058,15058,2
11059,15059,2
11060,15060,2
11061,15061,2
11062,15062,2
11063,15063,2
11064,15064,2
11065,15065,2
11066,15066,2
11067,15067,2
11068,15068,2
11069,15069,2
11070,15070,2
11071,15071,2
11072,15072,2
11073,15073,2
11074,15074,2
11075,15075,2
11076,15076,2
11077,15077,2
11078,15078,2
11079,15079,2
11080,15080,2
11081,15081,2
11082,15082,2
11083,15083,2
11084,15084,2
11085,15085,2
11086,15086,2
11087,15087,2
11088,15088,2
11089,15089,2
11090,15090,2
11091,15091,2
11092,15092,2
11093,15093,2
11094,15094,2
11095,15095,2
11096,15096,2
11097,15097,2
11098,15098,2
11099,15099,2
11100,15100,2
11101,15101,2
11102,15102,2
11103,15103,2
11104,15104,2
11105,15105,2
11106,15106,2
11107,15107,2
11108,15108,2
11109,15109,2
11110,15110,2
11111,15111,2
11112,15112,2
11113,15113,2
11114,15114,2
11115,15115,2
11116,15116,2
11117,15117,2
11118,15118,2
11119,15119,2
11120,15120,2
11121,15121,2
11122,15122,2
11123,15123,2
11124,15124,2
11125,15125,2
11126,15126,2
11127,15127,2
11128,15128,2
11129,15129,2
11130,15130,2
11131,15131,2
11132,15132,2
11133,15133,2
11134,15134,2
11135,15135,2
11136,15136,2
11137,15137,2
11138,15138,2
11139,15139,2
11140,15140,2
11141,15141,2
11142,15142,2
11143,15143,2
11144,15144,2
11145,15145,2
11146,15146,2
11147,15147,2
11148,15148,2
11149,15149,2
11150,15150,2
11151,15151,2
11152,15152,2
11153,15153,2
11154,15154,2
11155,15155,2
11156,15156,2
11157,15157,2
11158,15158,2
11159,15159,2
11160,15160,2
11161,15161,2
11162,15162,2
11163,15163,2
11164,15164,2
11165,15165,2
11166,15166,2
11167,15167,2
11168,15168,2
11169,15169,2
11170,15170,2
11171,15171,2
11172,15172,2
11173,15173,2
11174,15174,2
11175,15175,2
11176,15176,2
11177,15177,2
11178,15178,2
11179,15179,2
11180,15180,2
11181,15181,2
11182,15182,2
11183,15183,2
11184,15184,2
11185,15185,2
11186,15186,2
11187,15187,2
11188,15188,2
11189,15189,2
11190,15190,2
11191,15191,2
11192,15192,2
11193,15193,2
11194,15194,2
11195,15195,2
11196,15196,2
11197,15197,2
11198,15198,2
11199,15199,2
11200,15200,2
11201,15201,2
11202,15202,2
11203,15203,2
11204,15204,2
11205,15205,2
11206,15206,2
11207,15207,2
11208,15208,2
11209,15209,2
11210,15210,2
11211,15211,2
11212,15212,2
11213,15213,2
11214,15214,2
11215,15215,2
11216,15216,2
11217,15217,2
11218,15218,2
11219,15219,2
11220,15220,2
11221,15221,2
11222,15222,2
11223,15223,2
11224,15224,2
11225,15225,2
11226,15226,2
11227,15227,2
11228,15228,2
11229,15229,2
11230,15230,2
11231,15231,2
11232,15232,2
11233,15233,2
11234,15234,2
11235,15235,2
11236,15236,2
11237,15237,2
11238,15238,2
11239,15239,2
11240,15240,2
11241,15241,2
11242,15242,2
11243,15243,2
11244,15244,2
11245,15245,2
11246,15246,2
11247,15247,2
11248,15248,2
11249,15249,2
11250,15250,2
11251,15251,2
11252,15252,2
11253,15253,2
11254,15254,2
11255,15255,2
11256,15256,2
11257,15257,2
11258,15258,2
11259,15259,2
11260,15260,2
11261,15261,2
11262,15262,2
11263,15263,2
11264,15264,2
11265,15265,2
11266,15266,2
11267,15267,2
11268,15268,2
11269,15269,2
11270,15270,2
11271,15271,2
11272,15272,2
11273,15273,2
11274,15274,2
11275,15275,2
11276,15276,2
11277,15277,2
11278,15278,2
11279,15279,2
11280,15280,2
11281,15281,2
11282,15282,2
11283,15283,2
11284,15284,2
11285,15285,2
11286,15286,2
11287,15287,2
11288,15288,2
11289,15289,2
11290,15290,2
11291,15291,2
11292,15292,2
11293,15293,2
11294,15294,2
11295,15295,2
11296,15296,2
11297,15297,2
11298,15298,2
11299,15299,2
11300,15300,2
11301,15301,2
11302,15302,2
11303,15303,2
11304,15304,2
11305,15305,2
11306,15306,2
11307,15307,2
11308,15308,2
11309,15309,2
11310,15310,2
11311,15311,2
11312,15312,2
11313,15313,2
11314,15314,2
11315,15315,2
11316,15316,2
11317,15317,2
11318,15318,2
11319,15319,2
11320,15320,2
11321,15321,2
11322,15322,2
11323,15323,2
11324,15324,2
11325,15325,2
11326,15326,2
11327,15327,2
11328,15328,2
11329,15329,2
11330,15330,2
11331,15331,2
11332,15332,2
11333,15333,2
11334,15334,2
11335,15335,2
11336,15336,2
11337,15337,2
11338,15338,2
11339,15339,2
11340,15340,2
11341,15341,2
11342,15342,2
11343,15343,2
11344,15344,2
11345,15345,2
11346,15346,2
11347,15347,2
11348,15348,2
11349,15349,2
11350,15350,2
11351,15351,2
11352,15352,2
11353,15353,2
11354,15354,2
11355,15355,2
11356,15356,2
11357,15357,2
11358,15358,2
11359,15359,2
11360,15360,2
11361,15361,2
11362,15362,2
11363,15363,2
11364,15364,2
11365,15365,2
11366,15366,2
11367,15367,2
11368,15368,2
11369,15369,2
11370,15370,2
11371,15371,2
11372,15372,2
11373,15373,2
11374,15374,2
11375,15375,2
11376,15376,2
11377,15377,2
11378,15378,2
11379,15379,2
11380,15380,2
11381,15381,2
11382,15382,2
11383,15383,2
11384,15384,2
11385,15385,2
11386,15386,2
11387,15387,2
11388,15388,2
11389,15389,2
11390,15390,2
11391,15391,2
11392,15392,2
11393,15393,2
11394,15394,2
11395,15395,2
11396,15396,2
11397,15397,2
11398,15398,2
11399,15399,2
11400,15400,2
11401,15401,2
11402,15402,2
11403,15403,2
11404,15404,2
11405,15405,2
11406,15406,2
11407,15407,2
11408,15408,2
11409,15409,2
11410,15410,2
11411,15411,2
11412,15412,2
11413,15413,2
11414,15414,2
11415,15415,2
11416,15416,2
11417,15417,2
11418,15418,2
11419,15419,2
11420,15420,2
11421,15421,2
11422,15422,2
11423,15423,2
11424,15424,2
11425,15425,2
11426,15426,2
11427,15427,2
11428,15428,2
11429,15429,2
11430,15430,2
11431,15431,2
11432,15432,2
11433,15433,2
11434,15434,2
11435,15435,2
11436,15436,2
11437,15437,2
11438,15438,2
11439,15439,2
11440,15440,2
11441,15441,2
11442,15442,2
11443,15443,2
11444,15444,2
11445,15445,2
11446,15446,2
11447,15447,2
11448,15448,2
11449,15449,2
11450,15450,2
11451,15451,2
11452,15452,2
11453,15453,2
11454,15454,2
11455,15455,2
11456,15456,2
11457,15457,2
11458,15458,2
11459,15459,2
11460,15460,2
11461,15461,2
11462,15462,2
11463,15463,2
11464,15464,2
11465,15465,2
11466,15466,2
11467,15467,2
11468,15468,2
11469,15469,2
11470,15470,2
11471,15471,2
11472,15472,2
11473,15473,2
11474,15474,2
11475,15475,2
11476,15476,2
11477,15477,2
11478,15478,2
11479,15479,2
11480,15480,2
11481,15481,2
11482,15482,2
11483,15483,2
11484,15484,2
11485,15485,2
11486,15486,2
11487,15487,2
11488,15488,2
11489,15489,2
11490,15490,2
11491,15491,2
11492,15492,2
11493,15493,2
11494,15494,2
11495,15495,2
11496,15496,2
11497,15497,2
11498,15498,2
11499,15499,2
11500,15500,2
11501,15501,2
11502,15502,2
11503,15503,2
11504,15504,2
11505,15505,2
11506,15506,2
11507,15507,2
11508,15508,2
11509,15509,2
11510,15510,2
11511,15511,2
11512,15512,2
11513,15513,2
11514,15514,2
11515,15515,2
11516,15516,2
11517,15517,2
11518,15518,2
11519,15519,2
11520,15520,2
11521,15521,2
11522,15522,2
11523,15523,2
11524,15524,2
11525,15525,2
11526,15526,2
11527,15527,2
11528,15528,2
11529,15529,2
11530,15530,2
11531,15531,2
11532,15532,2
11533,15533,2
11534,15534,2
11535,15535,2
11536,15536,2
11537,15537,2
11538,15538,2
11539,15539,2
11540,15540,2
11541,15541,2
11542,15542,2
11543,15543,2
11544,15544,2
11545,15545,2
11546,15546,2
11547,15547,2
11548,15548,2
11549,15549,2
11550,15550,2
11551,15551,2
11552,15552,2
11553,15553,2
11554,15554,2
11555,15555,2
11556,15556,2
11557,15557,2
11558,15558,2
11559,15559,2
11560,15560,2
11561,15561,2
11562,15562,2
11563,15563,2
11564,15564,2
11565,15565,2
11566,15566,2
11567,15567,2
11568,15568,2
11569,15569,2
11570,15570,2
11571,15571,2
11572,15572,2
11573,15573,2
11574,15574,2
11575,15575,2
11576,15576,2
11577,15577,2
11578,15578,2
11579,15579,2
11580,15580,2
11581,15581,2
11582,15582,2
11583,15583,2
11584,15584,2
11585,15585,2
11586,15586,2
11587,15587,2
11588,15588,2
11589,15589,2
11590,15590,2
11591,15591,2
11592,15592,2
11593,15593,2
11594,15594,2
11595,15595,2
11596,15596,2
11597,15597,2
11598,15598,2
11599,15599,2
11600,15600,2
11601,15601,2
11602,15602,2
11603,15603,2
11604,15604,2
11605,15605,2
11606,15606,2
11607,15607,2
11608,15608,2
11609,15609,2
11610,15610,2
11611,15611,2
11612,15612,2
11613,15613,2
11614,15614,2
11615,15615,2
11616,15616,2
11617,15617,2
11618,15618,2
11619,15619,2
11620,15620,2
11621,15621,2
11622,15622,2
11623,15623,2
11624,15624,2
11625,15625,2
11626,15626,2
11627,15627,2
11628,15628,2
11629,15629,2
11630,15630,2
11631,15631,2
11632,15632,2
11633,15633,2
11634,15634,2
11635,15635,2
11636,15636,2
11637,15637,2
11638,15638,2
11639,15639,2
11640,15640,2
11641,15641,2
11642,15642,2
11643,15643,2
11644,15644,2
11645,15645,2
11646,15646,2
11647,15647,2
11648,15648,2
11649,15649,2
11650,15650,2
11651,15651,2
11652,15652,2
11653,15653,2
11654,15654,2
11655,15655,2
11656,15656,2
11657,15657,2
11658,15658,2
11659,15659,2
11660,15660,2
11661,15661,2
11662,15662,2
11663,15663,2
11664,15664,2
11665,15665,2
11666,15666,2
11667,15667,2
11668,15668,2
11669,15669,2
11670,15670,2
11671,15671,2
11672,15672,2
11673,15673,2
11674,15674,2
11675,15675,2
11676,15676,2
11677,15677,2
11678,15678,2
11679,15679,2
11680,15680,2
11681,15681,2
11682,15682,2
11683,15683,2
11684,15684,2
11685,15685,2
11686,15686,2
11687,15687,2
11688,15688,2
11689,15689,2
11690,15690,2
11691,15691,2
11692,15692,2
11693,15693,2
11694,15694,2
11695,15695,2
11696,15696,2
11697,15697,2
11698,15698,2
11699,15699,2
11700,15700,2
11701,15701,2
11702,15702,2
11703,15703,2
11704,15704,2
11705,15705,2
11706,15706,2
11707,15707,2
11708,15708,2
11709,15709,2
11710,15710,2
11711,15711,2
11712,15712,2
11713,15713,2
11714,15714,2
11715,15715,2
11716,15716,2
11717,15717,2
11718,15718,2
11719,15719,2
11720,15720,2
11721,15721,2
11722,15722,2
11723,15723,2
11724,15724,2
11725,15725,2
11726,15726,2
11727,15727,2
11728,15728,2
11729,15729,2
11730,15730,2
11731,15731,2
11732,15732,2
11733,15733,2
11734,15734,2
11735,15735,2
11736,15736,2
11737,15737,2
11738,15738,2
11739,15739,2
11740,15740,2
11741,15741,2
11742,15742,2
11743,15743,2
11744,15744,2
11745,15745,2
11746,15746,2
11747,15747,2
11748,15748,2
11749,15749,2
11750,15750,2
11751,15751,2
11752,15752,2
11753,15753,2
11754,15754,2
11755,15755,2
11756,15756,2
11757,15757,2
11758,15758,2
11759,15759,2
11760,15760,2
11761,15761,2
11762,15762,2
11763,15763,2
11764,15764,2
11765,15765,2
11766,15766,2
11767,15767,2
11768,15768,2
11769,15769,2
11770,15770,2
11771,15771,2
11772,15772,2
11773,15773,2
11774,15774,2
11775,15775,2
11776,15776,2
11777,15777,2
11778,15778,2
11779,15779,2
11780,15780,2
11781,15781,2
11782,15782,2
11783,15783,2
11784,15784,2
11785,15785,2
11786,15786,2
11787,15787,2
11788,15788,2
11789,15789,2
11790,15790,2
11791,15791,2
11792,15792,2
11793,15793,2
11794,15794,2
11795,15795,2
11796,15796,2
11797,15797,2
11798,15798,2
11799,15799,2
11800,15800,2
11801,15801,2
11802,15802,2
11803,15803,2
11804,15804,2
11805,15805,2
11806,15806,2
11807,15807,2
11808,15808,2
11809,15809,2
11810,15810,2
11811,15811,2
11812,15812,2
11813,15813,2
11814,15814,2
11815,15815,2
11816,15816,2
11817,15817,2
11818,15818,2
11819,15819,2
11820,15820,2
11821,15821,2
11822,15822,2
11823,15823,2
11824,15824,2
11825,15825,2
11826,15826,2
11827,15827,2
11828,15828,2
11829,15829,2
11830,15830,2
11831,15831,2
11832,15832,2
11833,15833,2
11834,15834,2
11835,15835,2
11836,15836,2
11837,15837,2
11838,15838,2
11839,15839,2
11840,15840,2
11841,15841,2
11842,15842,2
11843,15843,2
11844,15844,2
11845,15845,2
11846,15846,2
11847,15847,2
11848,15848,2
11849,15849,2
11850,15850,2
11851,15851,2
11852,15852,2
11853,15853,2
11854,15854,2
11855,15855,2
11856,15856,2
11857,15857,2
11858,15858,2
11859,15859,2
11860,15860,2
11861,15861,2
11862,15862,2
11863,15863,2
11864,15864,2
11865,15865,2
11866,15866,2
11867,15867,2
11868,15868,2
11869,15869,2
11870,15870,2
11871,15871,2
11872,15872,2
11873,15873,2
11874,15874,2
11875,15875,2
11876,15876,2
11877,15877,2
11878,15878,2
11879,15879,2
11880,15880,2
11881,15881,2
11882,15882,2
11883,15883,2
11884,15884,2
11885,15885,2
11886,15886,2
11887,15887,2
11888,15888,2
11889,15889,2
11890,15890,2
11891,15891,2
11892,15892,2
11893,15893,2
11894,15894,2
11895,15895,2
11896,15896,2
11897,15897,2
11898,15898,2
11899,15899,2
11900,15900,2
11901,15901,2
11902,15902,2
11903,15903,2
11904,15904,2
11905,15905,2
11906,15906,2
11907,15907,2
11908,15908,2
11909,15909,2
11910,15910,2
11911,15911,2
11912,15912,2
11913,15913,2
11914,15914,2
11915,15915,2
11916,15916,2
11917,15917,2
11918,15918,2
11919,15919,2
11920,15920,2
11921,15921,2
11922,15922,2
11923,15923,2
11924,15924,2
11925,15925,2
11926,15926,2
11927,15927,2
11928,15928,2
11929,15929,2
11930,15930,2
11931,15931,2
11932,15932,2
11933,15933,2
11934,15934,2
11935,15935,2
11936,15936,2
11937,15937,2
11938,15938,2
11939,15939,2
11940,15940,2
11941,15941,2
11942,15942,2
11943,15943,2
11944,15944,2
11945,15945,2
11946,15946,2
11947,15947,2
11948,15948,2
11949,15949,2
11950,15950,2
11951,15951,2
11952,15952,2
11953,15953,2
11954,15954,2
11955,15955,2
11956,15956,2
11957,15957,2
11958,15958,2
11959,15959,2
11960,15960,2
11961,15961,2
11962,15962,2
11963,15963,2
11964,15964,2
11965,15965,2
11966,15966,2
11967,15967,2
11968,15968,2
11969,15969,2
11970,15970,2
11971,15971,2
11972,15972,2
11973,15973,2
11974,15974,2
11975,15975,2
11976,15976,2
11977,15977,2
11978,15978,2
11979,15979,2
11980,15980,2
11981,15981,2
11982,15982,2
11983,15983,2
11984,15984,2
11985,15985,2
11986,15986,2
11987,15987,2
11988,15988,2
11989,15989,2
11990,15990,2
11991,15991,2
11992,15992,2
11993,15993,2
11994,15994,2
11995,15995,2
11996,15996,2
11997,15997,2
11998,15998,2
11999,15999,2
16000,20000,3
16001,20001,3
16002,20002,3
16003,20003,3
16004,20004,3
16005,20005,3
16006,20006,3
16007,20007,3
16008,20008,3
16009,20009,3
16010,20010,3
16011,20011,3
16012,20012,3
16013,20013,3
16014,20014,3
16015,20015,3
16016,20016,3
16017,20017,3
16018,20018,3
16019,20019,3
16020,20020,3
16021,20021,3
16022,20022,3
16023,20023,3
16024,20024,3
16025,20025,3
16026,20026,3
16027,20027,3
16028,20028,3
16029,20029,3
16030,20030,3
16031,20031,3
16032,20032,3
16033,20033,3
16034,20034,3
16035,20035,3
16036,20036,3
16037,20037,3
16038,20038,3
16039,20039,3
16040,20040,3
16041,20041,3
16042,20042,3
16043,20043,3
16044,20044,3
16045,20045,3
16046,20046,3
16047,20047,3
16048,20048,3
16049,20049,3
16050,20050,3
16051,20051,3
16052,20052,3
16053,20053,3
16054,20054,3
16055,20055,3
16056,20056,3
16057,20057,3
16058,20058,3
16059,20059,3
16060,20060,3
16061,20061,3
16062,20062,3
16063,20063,3
16064,20064,3
16065,20065,3
16066,20066,3
16067,20067,3
16068,20068,3
16069,20069,3
16070,20070,3
16071,20071,3
16072,20072,3
16073,20073,3
16074,20074,3
16075,20075,3
16076,20076,3
16077,20077,3
16078,20078,3
16079,20079,3
16080,20080,3
16081,20081,3
16082,20082,3
16083,20083,3
16084,20084,3
16085,20085,3
16086,20086,3
16087,20087,3
16088,20088,3
16089,20089,3
16090,20090,3
16091,20091,3
16092,20092,3
16093,20093,3
16094,20094,3
16095,20095,3
16096,20096,3
16097,20097,3
16098,20098,3
16099,20099,3
16100,20100,3
16101,20101,3
16102,20102,3
16103,20103,3
16104,20104,3
16105,20105,3
16106,20106,3
16107,20107,3
16108,20108,3
16109,20109,3
16110,20110,3
16111,20111,3
16112,20112,3
16113,20113,3
16114,20114,3
16115,20115,3
16116,20116,3
16117,20117,3
16118,20118,3
16119,20119,3
16120,20120,3
16121,20121,3
16122,20122,3
16123,20123,3
16124,20124,3
16125,20125,3
16126,20126,3
16127,20127,3
16128,20128,3
16129,20129,3
16130,20130,3
16131,20131,3
16132,20132,3
16133,20133,3
16134,20134,3
16135,20135,3
16136,20136,3
16137,20137,3
16138,20138,3
16139,20139,3
16140,20140,3
16141,20141,3
16142,20142,3
16143,20143,3
16144,20144,3
16145,20145,3
16146,20146,3
16147,20147,3
16148,20148,3
16149,20149,3
16150,20150,3
16151,20151,3
16152,20152,3
16153,20153,3
16154,20154,3
16155,20155,3
16156,20156,3
16157,20157,3
16158,20158,3
16159,20159,3
16160,20160,3
16161,20161,3
16162,20162,3
16163,20163,3
16164,20164,3
16165,20165,3
16166,20166,3
16167,20167,3
16168,20168,3
16169,20169,3
16170,20170,3
16171,20171,3
16172,20172,3
16173,20173,3
16174,20174,3
16175,20175,3
16176,20176,3
16177,20177,3
16178,20178,3
16179,20179,3
16180,20180,3
16181,20181,3
16182,20182,3
16183,20183,3
16184,20184,3
16185,20185,3
16186,20186,3
16187,20187,3
16188,20188,3
16189,20189,3
16190,20190,3
16191,20191,3
16192,20192,3
16193,20193,3
16194,20194,3
16195,20195,3
16196,20196,3
16197,20197,3
16198,20198,3
16199,20199,3
16200,20200,3
16201,20201,3
16202,20202,3
16203,20203,3
16204,20204,3
16205,20205,3
16206,20206,3
16207,20207,3
16208,20208,3
16209,20209,3
16210,20210,3
16211,20211,3
16212,20212,3
16213,20213,3
16214,20214,3
16215,20215,3
16216,20216,3
16217,20217,3
16218,20218,3
16219,20219,3
16220,20220,3
16221,20221,3
16222,20222,3
16223,20223,3
16224,20224,3
16225,20225,3
16226,20226,3
16227,20227,3
16228,20228,3
16229,20229,3
16230,20230,3
16231,20231,3
16232,20232,3
16233,20233,3
16234,20234,3
16235,20235,3
16236,20236,3
16237,20237,3
16238,20238,3
16239,20239,3
16240,20240,3
16241,20241,3
16242,20242,3
16243,20243,3
16244,20244,3
16245,20245,3
16246,20246,3
16247,20247,3
16248,20248,3
16249,20249,3
16250,20250,3
16251,20251,3
16252,20252,3
16253,20253,3
16254,20254,3
16255,20255,3
16256,20256,3
16257,20257,3
16258,20258,3
16259,20259,3
16260,20260,3
16261,20261,3
16262,20262,3
16263,20263,3
16264,20264,3
16265,20265,3
16266,20266,3
16267,20267,3
16268,20268,3
16269,20269,3
16270,20270,3
16271,20271,3
16272,20272,3
16273,20273,3
16274,20274,3
16275,20275,3
16276,20276,3
16277,20277,3
16278,20278,3
16279,20279,3
16280,20280,3
16281,20281,3
16282,20282,3
16283,20283,3
16284,20284,3
16285,20285,3
16286,20286,3
16287,20287,3
16288,20288,3
16289,20289,3
16290,20290,3
16291,20291,3
16292,20292,3
16293,20293,3
16294,20294,3
16295,20295,3
16296,20296,3
16297,20297,3
16298,20298,3
16299,20299,3
16300,20300,3
16301,20301,3
16302,20302,3
16303,20303,3
16304,20304,3
16305,20305,3
16306,20306,3
16307,20307,3
16308,20308,3
16309,20309,3
16310,20310,3
16311,20311,3
16312,20312,3
16313,20313,3
16314,20314,3
16315,20315,3
16316,20316,3
16317,20317,3
16318,20318,3
16319,20319,3
16320,20320,3
16321,20321,3
16322,20322,3
16323,20323,3
16324,20324,3
16325,20325,3
16326,20326,3
16327,20327,3
16328,20328,3
16329,20329,3
16330,20330,3
16331,20331,3
16332,20332,3
16333,20333,3
16334,20334,3
16335,20335,3
16336,20336,3
16337,20337,3
16338,20338,3
16339,20339,3
16340,20340,3
16341,20341,3
16342,20342,3
16343,20343,3
16344,20344,3
16345,20345,3
16346,20346,3
16347,20347,3
16348,20348,3
16349,20349,3
16350,20350,3
16351,20351,3
16352,20352,3
16353,20353,3
16354,20354,3
16355,20355,3
16356,20356,3
16357,20357,3
16358,20358,3
16359,20359,3
16360,20360,3
16361,20361,3
16362,20362,3
16363,20363,3
16364,20364,3
16365,20365,3
16366,20366,3
16367,20367,3
16368,20368,3
16369,20369,3
16370,20370,3
16371,20371,3
16372,20372,3
16373,20373,3
16374,20374,3
16375,20375,3
16376,20376,3
16377,20377,3
16378,20378,3
16379,20379,3
16380,20380,3
16381,20381,3
16382,20382,3
16383,20383,3
16384,20384,3
16385,20385,3
16386,20386,3
16387,20387,3
16388,20388,3
16389,20389,3
16390,20390,3
16391,20391,3
16392,20392,3
16393,20393,3
16394,20394,3
16395,20395,3
16396,20396,3
16397,20397,3
16398,20398,3
16399,20399,3
16400,20400,3
16401,20401,3
16402,20402,3
16403,20403,3
16404,20404,3
16405,20405,3
16406,20406,3
16407,20407,3
16408,20408,3
16409,20409,3
16410,20410,3
16411,20411,3
16412,20412,3
16413,20413,3
16414,20414,3
16415,20415,3
16416,20416,3
16417,20417,3
16418,20418,3
16419,20419,3
16420,20420,3
16421,20421,3
16422,20422,3
16423,20423,3
16424,20424,3
16425,20425,3
16426,20426,3
16427,20427,3
16428,20428,3
16429,20429,3
16430,20430,3
16431,20431,3
16432,20432,3
16433,20433,3
16434,20434,3
16435,20435,3
16436,20436,3
16437,20437,3
16438,20438,3
16439,20439,3
16440,20440,3
16441,20441,3
16442,20442,3
16443,20443,3
16444,20444,3
16445,20445,3
16446,20446,3
16447,20447,3
16448,20448,3
16449,20449,3
16450,20450,3
16451,20451,3
16452,20452,3
16453,20453,3
16454,20454,3
16455,20455,3
16456,20456,3
16457,20457,3
16458,20458,3
16459,20459,3
16460,20460,3
16461,20461,3
16462,20462,3
16463,20463,3
16464,20464,3
16465,20465,3
16466,20466,3
16467,20467,3
16468,20468,3
16469,20469,3
16470,20470,3
16471,20471,3
16472,20472,3
16473,20473,3
16474,20474,3
16475,20475,3
16476,20476,3
16477,20477,3
16478,20478,3
16479,20479,3
16480,20480,3
16481,20481,3
16482,20482,3
16483,20483,3
16484,20484,3
16485,20485,3
16486,20486,3
16487,20487,3
16488,20488,3
16489,20489,3
16490,20490,3
16491,20491,3
16492,20492,3
16493,20493,3
16494,20494,3
16495,20495,3
16496,20496,3
16497,20497,3
16498,20498,3
16499,20499,3
16500,20500,3
16501,20501,3
16502,20502,3
16503,20503,3
16504,20504,3
16505,20505,3
16506,20506,3
16507,20507,3
16508,20508,3
16509,20509,3
16510,20510,3
16511,20511,3
16512,20512,3
16513,20513,3
16514,20514,3
16515,20515,3
16516,20516,3
16517,20517,3
16518,20518,3
16519,20519,3
16520,20520,3
16521,20521,3
16522,20522,3
16523,20523,3
16524,20524,3
16525,20525,3
16526,20526,3
16527,20527,3
16528,20528,3
16529,20529,3
16530,20530,3
16531,20531,3
16532,20532,3
16533,20533,3
16534,20534,3
16535,20535,3
16536,20536,3
16537,20537,3
16538,20538,3
16539,20539,3
16540,20540,3
16541,20541,3
16542,20542,3
16543,20543,3
16544,20544,3
16545,20545,3
16546,20546,3
16547,20547,3
16548,20548,3
16549,20549,3
16550,20550,3
16551,20551,3
16552,20552,3
16553,20553,3
16554,20554,3
16555,20555,3
16556,20556,3
16557,20557,3
16558,20558,3
16559,20559,3
16560,20560,3
16561,20561,3
16562,20562,3
16563,20563,3
16564,20564,3
16565,20565,3
16566,20566,3
16567,20567,3
16568,20568,3
16569,20569,3
16570,20570,3
16571,20571,3
16572,20572,3
16573,20573,3
16574,20574,3
16575,20575,3
16576,20576,3
16577,20577,3
16578,20578,3
16579,20579,3
16580,20580,3
16581,20581,3
16582,20582,3
16583,20583,3
16584,20584,3
16585,20585,3
16586,20586,3
16587,20587,3
16588,20588,3
16589,20589,3
16590,20590,3
16591,20591,3
16592,20592,3
16593,20593,3
16594,20594,3
16595,20595,3
16596,20596,3
16597,20597,3
16598,20598,3
16599,20599,3
16600,20600,3
16601,20601,3
16602,20602,3
16603,20603,3
16604,20604,3
16605,20605,3
16606,20606,3
16607,20607,3
16608,20608,3
16609,20609,3
16610,20610,3
16611,20611,3
16612,20612,3
16613,20613,3
16614,20614,3
16615,20615,3
16616,20616,3
16617,20617,3
16618,20618,3
16619,20619,3
16620,20620,3
16621,20621,3
16622,20622,3
16623,20623,3
16624,20624,3
16625,20625,3
16626,20626,3
16627,20627,3
16628,20628,3
16629,20629,3
16630,20630,3
16631,20631,3
16632,20632,3
16633,20633,3
16634,20634,3
16635,20635,3
16636,20636,3
16637,20637,3
16638,20638,3
16639,20639,3
16640,20640,3
16641,20641,3
16642,20642,3
16643,20643,3
16644,20644,3
16645,20645,3
16646,20646,3
16647,20647,3
16648,20648,3
16649,20649,3
16650,20650,3
16651,20651,3
16652,20652,3
16653,20653,3
16654,20654,3
16655,20655,3
16656,20656,3
16657,20657,3
16658,20658,3
16659,20659,3
16660,20660,3
16661,20661,3
16662,20662,3
16663,20663,3
16664,20664,3
16665,20665,3
16666,20666,3
16667,20667,3
16668,20668,3
16669,20669,3
16670,20670,3
16671,20671,3
16672,20672,3
16673,20673,3
16674,20674,3
16675,20675,3
16676,20676,3
16677,20677,3
16678,20678,3
16679,20679,3
16680,20680,3
16681,20681,3
16682,20682,3
16683,20683,3
16684,20684,3
16685,20685,3
16686,20686,3
16687,20687,3
16688,20688,3
16689,20689,3
16690,20690,3
16691,20691,3
16692,20692,3
16693,20693,3
16694,20694,3
16695,20695,3
16696,20696,3
16697,20697,3
16698,20698,3
16699,20699,3
16700,20700,3
16701,20701,3
16702,20702,3
16703,20703,3
16704,20704,3
16705,20705,3
16706,20706,3
16707,20707,3
16708,20708,3
16709,20709,3
16710,20710,3
16711,20711,3
16712,20712,3
16713,20713,3
16714,20714,3
16715,20715,3
16716,20716,3
16717,20717,3
16718,20718,3
16719,20719,3
16720,20720,3
16721,20721,3
16722,20722,3
16723,20723,3
16724,20724,3
16725,20725,3
16726,20726,3
16727,20727,3
16728,20728,3
16729,20729,3
16730,20730,3
16731,20731,3
16732,20732,3
16733,20733,3
16734,20734,3
16735,20735,3
16736,20736,3
16737,20737,3
16738,20738,3
16739,20739,3
16740,20740,3
16741,20741,3
16742,20742,3
16743,20743,3
16744,20744,3
16745,20745,3
16746,20746,3
16747,20747,3
16748,20748,3
16749,20749,3
16750,20750,3
16751,20751,3
16752,20752,3
16753,20753,3
16754,20754,3
16755,20755,3
16756,20756,3
16757,20757,3
16758,20758,3
16759,20759,3
16760,20760,3
16761,20761,3
16762,20762,3
16763,20763,3
16764,20764,3
16765,20765,3
16766,20766,3
16767,20767,3
16768,20768,3
16769,20769,3
16770,20770,3
16771,20771,3
16772,20772,3
16773,20773,3
16774,20774,3
16775,20775,3
16776,20776,3
16777,20777,3
16778,20778,3
16779,20779,3
16780,20780,3
16781,20781,3
16782,20782,3
16783,20783,3
16784,20784,3
16785,20785,3
16786,20786,3
16787,20787,3
16788,20788,3
16789,20789,3
16790,20790,3
16791,20791,3
16792,20792,3
16793,20793,3
16794,20794,3
16795,20795,3
16796,20796,3
16797,20797,3
16798,20798,3
16799,20799,3
16800,20800,3
16801,20801,3
16802,20802,3
16803,20803,3
16804,20804,3
16805,20805,3
16806,20806,3
16807,20807,3
16808,20808,3
16809,20809,3
16810,20810,3
16811,20811,3
16812,20812,3
16813,20813,3
16814,20814,3
16815,20815,3
16816,20816,3
16817,20817,3
16818,20818,3
16819,20819,3
16820,20820,3
16821,20821,3
16822,20822,3
16823,20823,3
16824,20824,3
16825,20825,3
16826,20826,3
16827,20827,3
16828,20828,3
16829,20829,3
16830,20830,3
16831,20831,3
16832,20832,3
16833,20833,3
16834,20834,3
16835,20835,3
16836,20836,3
16837,20837,3
16838,20838,3
16839,20839,3
16840,20840,3
16841,20841,3
16842,20842,3
16843,20843,3
16844,20844,3
16845,20845,3
16846,20846,3
16847,20847,3
16848,20848,3
16849,20849,3
16850,20850,3
16851,20851,3
16852,20852,3
16853,20853,3
16854,20854,3
16855,20855,3
16856,20856,3
16857,20857,3
16858,20858,3
16859,20859,3
16860,20860,3
16861,20861,3
16862,20862,3
16863,20863,3
16864,20864,3
16865,20865,3
16866,20866,3
16867,20867,3
16868,20868,3
16869,20869,3
16870,20870,3
16871,20871,3
16872,20872,3
16873,20873,3
16874,20874,3
16875,20875,3
16876,20876,3
16877,20877,3
16878,20878,3
16879,20879,3
16880,20880,3
16881,20881,3
16882,20882,3
16883,20883,3
16884,20884,3
16885,20885,3
16886,20886,3
16887,20887,3
16888,20888,3
16889,20889,3
16890,20890,3
16891,20891,3
16892,20892,3
16893,20893,3
16894,20894,3
16895,20895,3
16896,20896,3
16897,20897,3
16898,20898,3
16899,20899,3
16900,20900,3
16901,20901,3
16902,20902,3
16903,20903,3
16904,20904,3
16905,20905,3
16906,20906,3
16907,20907,3
16908,20908,3
16909,20909,3
16910,20910,3
16911,20911,3
16912,20912,3
16913,20913,3
16914,20914,3
16915,20915,3
16916,20916,3
16917,20917,3
16918,20918,3
16919,20919,3
16920,20920,3
16921,20921,3
16922,20922,3
16923,20923,3
16924,20924,3
16925,20925,3
16926,20926,3
16927,20927,3
16928,20928,3
16929,20929,3
16930,20930,3
16931,20931,3
16932,20932,3
16933,20933,3
16934,20934,3
16935,20935,3
16936,20936,3
16937,20937,3
16938,20938,3
16939,20939,3
16940,20940,3
16941,20941,3
16942,20942,3
16943,20943,3
16944,20944,3
16945,20945,3
16946,20946,3
16947,20947,3
16948,20948,3
16949,20949,3
16950,20950,3
16951,20951,3
16952,20952,3
16953,20953,3
16954,20954,3
16955,20955,3
16956,20956,3
16957,20957,3
16958,20958,3
16959,20959,3
16960,20960,3
16961,20961,3
16962,20962,3
16963,20963,3
16964,20964,3
16965,20965,3
16966,20966,3
16967,20967,3
16968,20968,3
16969,20969,3
16970,20970,3
16971,20971,3
16972,20972,3
16973,20973,3
16974,20974,3
16975,20975,3
16976,20976,3
16977,20977,3
16978,20978,3
16979,20979,3
16980,20980,3
16981,20981,3
16982,20982,3
16983,20983,3
16984,20984,3
16985,20985,3
16986,20986,3
16987,20987,3
16988,20988,3
16989,20989,3
16990,20990,3
16991,20991,3
16992,20992,3
16993,20993,3
16994,20994,3
16995,20995,3
16996,20996,3
16997,20997,3
16998,20998,3
16999,20999,3
17000,21000,3
17001,21001,3
17002,21002,3
17003,21003,3
17004,21004,3
17005,21005,3
17006,21006,3
17007,21007,3
17008,21008,3
17009,21009,3
17010,21010,3
17011,21011,3
17012,21012,3
17013,21013,3
17014,21014,3
17015,21015,3
17016,21016,3
17017,21017,3
17018,21018,3
17019,21019,3
17020,21020,3
17021,21021,3
17022,21022,3
17023,21023,3
17024,21024,3
17025,21025,3
17026,21026,3
17027,21027,3
17028,21028,3
17029,21029,3
17030,21030,3
17031,21031,3
17032,21032,3
17033,21033,3
17034,21034,3
17035,21035,3
17036,21036,3
17037,21037,3
17038,21038,3
17039,21039,3
17040,21040,3
17041,21041,3
17042,21042,3
17043,21043,3
17044,21044,3
17045,21045,3
17046,21046,3
17047,21047,3
17048,21048,3
17049,21049,3
17050,21050,3
17051,21051,3
17052,21052,3
17053,21053,3
17054,21054,3
17055,21055,3
17056,21056,3
17057,21057,3
17058,21058,3
17059,21059,3
17060,21060,3
17061,21061,3
17062,21062,3
17063,21063,3
17064,21064,3
17065,21065,3
17066,21066,3
17067,21067,3
17068,21068,3
17069,21069,3
17070,21070,3
17071,21071,3
17072,21072,3
17073,21073,3
17074,21074,3
17075,21075,3
17076,21076,3
17077,21077,3
17078,21078,3
17079,21079,3
17080,21080,3
17081,21081,3
17082,21082,3
17083,21083,3
17084,21084,3
17085,21085,3
17086,21086,3
17087,21087,3
17088,21088,3
17089,21089,3
17090,21090,3
17091,21091,3
17092,21092,3
17093,21093,3
17094,21094,3
17095,21095,3
17096,21096,3
17097,21097,3
17098,21098,3
17099,21099,3
17100,21100,3
17101,21101,3
17102,21102,3
17103,21103,3
17104,21104,3
17105,21105,3
17106,21106,3
17107,21107,3
17108,21108,3
17109,21109,3
17110,21110,3
17111,21111,3
17112,21112,3
17113,21113,3
17114,21114,3
17115,21115,3
17116,21116,3
17117,21117,3
17118,21118,3
17119,21119,3
17120,21120,3
17121,21121,3
17122,21122,3
17123,21123,3
17124,21124,3
17125,21125,3
17126,21126,3
17127,21127,3
17128,21128,3
17129,21129,3
17130,21130,3
17131,21131,3
17132,21132,3
17133,21133,3
17134,21134,3
17135,21135,3
17136,21136,3
17137,21137,3
17138,21138,3
17139,21139,3
17140,21140,3
17141,21141,3
17142,21142,3
17143,21143,3
17144,21144,3
17145,21145,3
17146,21146,3
17147,21147,3
17148,21148,3
17149,21149,3
17150,21150,3
17151,21151,3
17152,21152,3
17153,21153,3
17154,21154,3
17155,21155,3
17156,21156,3
17157,21157,3
17158,21158,3
17159,21159,3
17160,21160,3
17161,21161,3
17162,21162,3
17163,21163,3
17164,21164,3
17165,21165,3
17166,21166,3
17167,21167,3
17168,21168,3
17169,21169,3
17170,21170,3
17171,21171,3
17172,21172,3
17173,21173,3
17174,21174,3
17175,21175,3
17176,21176,3
17177,21177,3
17178,21178,3
17179,21179,3
17180,21180,3
17181,21181,3
17182,21182,3
17183,21183,3
17184,21184,3
17185,21185,3
17186,21186,3
17187,21187,3
17188,21188,3
17189,21189,3
17190,21190,3
17191,21191,3
17192,21192,3
17193,21193,3
17194,21194,3
17195,21195,3
17196,21196,3
17197,21197,3
17198,21198,3
17199,21199,3
17200,21200,3
17201,21201,3
17202,21202,3
17203,21203,3
17204,21204,3
17205,21205,3
17206,21206,3
17207,21207,3
17208,21208,3
17209,21209,3
17210,21210,3
17211,21211,3
17212,21212,3
17213,21213,3
17214,21214,3
17215,21215,3
17216,21216,3
17217,21217,3
17218,21218,3
17219,21219,3
17220,21220,3
17221,21221,3
17222,21222,3
17223,21223,3
17224,21224,3
17225,21225,3
17226,21226,3
17227,21227,3
17228,21228,3
17229,21229,3
17230,21230,3
17231,21231,3
17232,21232,3
17233,21233,3
17234,21234,3
17235,21235,3
17236,21236,3
17237,21237,3
17238,21238,3
17239,21239,3
17240,21240,3
17241,21241,3
17242,21242,3
17243,21243,3
17244,21244,3
17245,21245,3
17246,21246,3
17247,21247,3
17248,21248,3
17249,21249,3
17250,21250,3
17251,21251,3
17252,21252,3
17253,21253,3
17254,21254,3
17255,21255,3
17256,21256,3
17257,21257,3
17258,21258,3
17259,21259,3
17260,21260,3
17261,21261,3
17262,21262,3
17263,21263,3
17264,21264,3
17265,21265,3
17266,21266,3
17267,21267,3
17268,21268,3
17269,21269,3
17270,21270,3
17271,21271,3
17272,21272,3
17273,21273,3
17274,21274,3
17275,21275,3
17276,21276,3
17277,21277,3
17278,21278,3
17279,21279,3
17280,21280,3
17281,21281,3
17282,21282,3
17283,21283,3
17284,21284,3
17285,21285,3
17286,21286,3
17287,21287,3
17288,21288,3
17289,21289,3
17290,21290,3
17291,21291,3
17292,21292,3
17293,21293,3
17294,21294,3
17295,21295,3
17296,21296,3
17297,21297,3
17298,21298,3
17299,21299,3
17300,21300,3
17301,21301,3
17302,21302,3
17303,21303,3
17304,21304,3
17305,21305,3
17306,21306,3
17307,21307,3
17308,21308,3
17309,21309,3
17310,21310,3
17311,21311,3
17312,21312,3
17313,21313,3
17314,21314,3
17315,21315,3
17316,21316,3
17317,21317,3
17318,21318,3
17319,21319,3
17320,21320,3
17321,21321,3
17322,21322,3
17323,21323,3
17324,21324,3
17325,21325,3
17326,21326,3
17327,21327,3
17328,21328,3
17329,21329,3
17330,21330,3
17331,21331,3
17332,21332,3
17333,21333,3
17334,21334,3
17335,21335,3
17336,21336,3
17337,21337,3
17338,21338,3
17339,21339,3
17340,21340,3
17341,21341,3
17342,21342,3
17343,21343,3
17344,21344,3
17345,21345,3
17346,21346,3
17347,21347,3
17348,21348,3
17349,21349,3
17350,21350,3
17351,21351,3
17352,21352,3
17353,21353,3
17354,21354,3
17355,21355,3
17356,21356,3
17357,21357,3
17358,21358,3
17359,21359,3
17360,21360,3
17361,21361,3
17362,21362,3
17363,21363,3
17364,21364,3
17365,21365,3
17366,21366,3
17367,21367,3
17368,21368,3
17369,21369,3
17370,21370,3
17371,21371,3
17372,21372,3
17373,21373,3
17374,21374,3
17375,21375,3
17376,21376,3
17377,21377,3
17378,21378,3
17379,21379,3
17380,21380,3
17381,21381,3
17382,21382,3
17383,21383,3
17384,21384,3
17385,21385,3
17386,21386,3
17387,21387,3
17388,21388,3
17389,21389,3
17390,21390,3
17391,21391,3
17392,21392,3
17393,21393,3
17394,21394,3
17395,21395,3
17396,21396,3
17397,21397,3
17398,21398,3
17399,21399,3
17400,21400,3
17401,21401,3
17402,21402,3
17403,21403,3
17404,21404,3
17405,21405,3
17406,21406,3
17407,21407,3
17408,21408,3
17409,21409,3
17410,21410,3
17411,21411,3
17412,21412,3
17413,21413,3
17414,21414,3
17415,21415,3
17416,21416,3
17417,21417,3
17418,21418,3
17419,21419,3
17420,21420,3
17421,21421,3
17422,21422,3
17423,21423,3
17424,21424,3
17425,21425,3
17426,21426,3
17427,21427,3
17428,21428,3
17429,21429,3
17430,21430,3
17431,21431,3
17432,21432,3
17433,21433,3
17434,21434,3
17435,21435,3
17436,21436,3
17437,21437,3
17438,21438,3
17439,21439,3
17440,21440,3
17441,21441,3
17442,21442,3
17443,21443,3
17444,21444,3
17445,21445,3
17446,21446,3
17447,21447,3
17448,21448,3
17449,21449,3
17450,21450,3
17451,21451,3
17452,21452,3
17453,21453,3
17454,21454,3
17455,21455,3
17456,21456,3
17457,21457,3
17458,21458,3
17459,21459,3
17460,21460,3
17461,21461,3
17462,21462,3
17463,21463,3
17464,21464,3
17465,21465,3
17466,21466,3
17467,21467,3
17468,21468,3
17469,21469,3
17470,21470,3
17471,21471,3
17472,21472,3
17473,21473,3
17474,21474,3
17475,21475,3
17476,21476,3
17477,21477,3
17478,21478,3
17479,21479,3
17480,21480,3
17481,21481,3
17482,21482,3
17483,21483,3
17484,21484,3
17485,21485,3
17486,21486,3
17487,21487,3
17488,21488,3
17489,21489,3
17490,21490,3
17491,21491,3
17492,21492,3
17493,21493,3
17494,21494,3
17495,21495,3
17496,21496,3
17497,21497,3
17498,21498,3
17499,21499,3
17500,21500,3
17501,21501,3
17502,21502,3
17503,21503,3
17504,21504,3
17505,21505,3
17506,21506,3
17507,21507,3
17508,21508,3
17509,21509,3
17510,21510,3
17511,21511,3
17512,21512,3
17513,21513,3
17514,21514,3
17515,21515,3
17516,21516,3
17517,21517,3
17518,21518,3
17519,21519,3
17520,21520,3
17521,21521,3
17522,21522,3
17523,21523,3
17524,21524,3
17525,21525,3
17526,21526,3
17527,21527,3
17528,21528,3
17529,21529,3
17530,21530,3
17531,21531,3
17532,21532,3
17533,21533,3
17534,21534,3
17535,21535,3
17536,21536,3
17537,21537,3
17538,21538,3
17539,21539,3
17540,21540,3
17541,21541,3
17542,21542,3
17543,21543,3
17544,21544,3
17545,21545,3
17546,21546,3
17547,21547,3
17548,21548,3
17549,21549,3
17550,21550,3
17551,21551,3
17552,21552,3
17553,21553,3
17554,21554,3
17555,21555,3
17556,21556,3
17557,21557,3
17558,21558,3
17559,21559,3
17560,21560,3
17561,21561,3
17562,21562,3
17563,21563,3
17564,21564,3
17565,21565,3
17566,21566,3
17567,21567,3
17568,21568,3
17569,21569,3
17570,21570,3
17571,21571,3
17572,21572,3
17573,21573,3
17574,21574,3
17575,21575,3
17576,21576,3
17577,21577,3
17578,21578,3
17579,21579,3
17580,21580,3
17581,21581,3
17582,21582,3
17583,21583,3
17584,21584,3
17585,21585,3
17586,21586,3
17587,21587,3
17588,21588,3
17589,21589,3
17590,21590,3
17591,21591,3
17592,21592,3
17593,21593,3
17594,21594,3
17595,21595,3
17596,21596,3
17597,21597,3
17598,21598,3
17599,21599,3
17600,21600,3
17601,21601,3
17602,21602,3
17603,21603,3
17604,21604,3
17605,21605,3
17606,21606,3
17607,21607,3
17608,21608,3
17609,21609,3
17610,21610,3
17611,21611,3
17612,21612,3
17613,21613,3
17614,21614,3
17615,21615,3
17616,21616,3
17617,21617,3
17618,21618,3
17619,21619,3
17620,21620,3
17621,21621,3
17622,21622,3
17623,21623,3
17624,21624,3
17625,21625,3
17626,21626,3
17627,21627,3
17628,21628,3
17629,21629,3
17630,21630,3
17631,21631,3
17632,21632,3
17633,21633,3
17634,21634,3
17635,21635,3
17636,21636,3
17637,21637,3
17638,21638,3
17639,21639,3
17640,21640,3
17641,21641,3
17642,21642,3
17643,21643,3
17644,21644,3
17645,21645,3
17646,21646,3
17647,21647,3
17648,21648,3
17649,21649,3
17650,21650,3
17651,21651,3
17652,21652,3
17653,21653,3
17654,21654,3
17655,21655,3
17656,21656,3
17657,21657,3
17658,21658,3
17659,21659,3
17660,21660,3
17661,21661,3
17662,21662,3
17663,21663,3
17664,21664,3
17665,21665,3
17666,21666,3
17667,21667,3
17668,21668,3
17669,21669,3
17670,21670,3
17671,21671,3
17672,21672,3
17673,21673,3
17674,21674,3
17675,21675,3
17676,21676,3
17677,21677,3
17678,21678,3
17679,21679,3
17680,21680,3
17681,21681,3
17682,21682,3
17683,21683,3
17684,21684,3
17685,21685,3
17686,21686,3
17687,21687,3
17688,21688,3
17689,21689,3
17690,21690,3
17691,21691,3
17692,21692,3
17693,21693,3
17694,21694,3
17695,21695,3
17696,21696,3
17697,21697,3
17698,21698,3
17699,21699,3
17700,21700,3
17701,21701,3
17702,21702,3
17703,21703,3
17704,21704,3
17705,21705,3
17706,21706,3
17707,21707,3
17708,21708,3
17709,21709,3
17710,21710,3
17711,21711,3
17712,21712,3
17713,21713,3
17714,21714,3
17715,21715,3
17716,21716,3
17717,21717,3
17718,21718,3
17719,21719,3
17720,21720,3
17721,21721,3
17722,21722,3
17723,21723,3
17724,21724,3
17725,21725,3
17726,21726,3
17727,21727,3
17728,21728,3
17729,21729,3
17730,21730,3
17731,21731,3
17732,21732,3
17733,21733,3
17734,21734,3
17735,21735,3
17736,21736,3
17737,21737,3
17738,21738,3
17739,21739,3
17740,21740,3
17741,21741,3
17742,21742,3
17743,21743,3
17744,21744,3
17745,21745,3
17746,21746,3
17747,21747,3
17748,21748,3
17749,21749,3
17750,21750,3
17751,21751,3
17752,21752,3
17753,21753,3
17754,21754,3
17755,21755,3
17756,21756,3
17757,21757,3
17758,21758,3
17759,21759,3
17760,21760,3
17761,21761,3
17762,21762,3
17763,21763,3
17764,21764,3
17765,21765,3
17766,21766,3
17767,21767,3
17768,21768,3
17769,21769,3
17770,21770,3
17771,21771,3
17772,21772,3
17773,21773,3
17774,21774,3
17775,21775,3
17776,21776,3
17777,21777,3
17778,21778,3
17779,21779,3
17780,21780,3
17781,21781,3
17782,21782,3
17783,21783,3
17784,21784,3
17785,21785,3
17786,21786,3
17787,21787,3
17788,21788,3
17789,21789,3
17790,21790,3
17791,21791,3
17792,21792,3
17793,21793,3
17794,21794,3
17795,21795,3
17796,21796,3
17797,21797,3
17798,21798,3
17799,21799,3
17800,21800,3
17801,21801,3
17802,21802,3
17803,21803,3
17804,21804,3
17805,21805,3
17806,21806,3
17807,21807,3
17808,21808,3
17809,21809,3
17810,21810,3
17811,21811,3
17812,21812,3
17813,21813,3
17814,21814,3
17815,21815,3
17816,21816,3
17817,21817,3
17818,21818,3
17819,21819,3
17820,21820,3
17821,21821,3
17822,21822,3
17823,21823,3
17824,21824,3
17825,21825,3
17826,21826,3
17827,21827,3
17828,21828,3
17829,21829,3
17830,21830,3
17831,21831,3
17832,21832,3
17833,21833,3
17834,21834,3
17835,21835,3
17836,21836,3
17837,21837,3
17838,21838,3
17839,21839,3
17840,21840,3
17841,21841,3
17842,21842,3
17843,21843,3
17844,21844,3
17845,21845,3
17846,21846,3
17847,21847,3
17848,21848,3
17849,21849,3
17850,21850,3
17851,21851,3
17852,21852,3
17853,21853,3
17854,21854,3
17855,21855,3
17856,21856,3
17857,21857,3
17858,21858,3
17859,21859,3
17860,21860,3
17861,21861,3
17862,21862,3
17863,21863,3
17864,21864,3
17865,21865,3
17866,21866,3
17867,21867,3
17868,21868,3
17869,21869,3
17870,21870,3
17871,21871,3
17872,21872,3
17873,21873,3
17874,21874,3
17875,21875,3
17876,21876,3
17877,21877,3
17878,21878,3
17879,21879,3
17880,21880,3
17881,21881,3
17882,21882,3
17883,21883,3
17884,21884,3
17885,21885,3
17886,21886,3
17887,21887,3
17888,21888,3
17889,21889,3
17890,21890,3
17891,21891,3
17892,21892,3
17893,21893,3
17894,21894,3
17895,21895,3
17896,21896,3
17897,21897,3
17898,21898,3
17899,21899,3
17900,21900,3
17901,21901,3
17902,21902,3
17903,21903,3
17904,21904,3
17905,21905,3
17906,21906,3
17907,21907,3
17908,21908,3
17909,21909,3
17910,21910,3
17911,21911,3
17912,21912,3
17913,21913,3
17914,21914,3
17915,21915,3
17916,21916,3
17917,21917,3
17918,21918,3
17919,21919,3
17920,21920,3
17921,21921,3
17922,21922,3
17923,21923,3
17924,21924,3
17925,21925,3
17926,21926,3
17927,21927,3
17928,21928,3
17929,21929,3
17930,21930,3
17931,21931,3
17932,21932,3
17933,21933,3
17934,21934,3
17935,21935,3
17936,21936,3
17937,21937,3
17938,21938,3
17939,21939,3
17940,21940,3
17941,21941,3
17942,21942,3
17943,21943,3
17944,21944,3
17945,21945,3
17946,21946,3
17947,21947,3
17948,21948,3
17949,21949,3
17950,21950,3
17951,21951,3
17952,21952,3
17953,21953,3
17954,21954,3
17955,21955,3
17956,21956,3
17957,21957,3
17958,21958,3
17959,21959,3
17960,21960,3
17961,21961,3
17962,21962,3
17963,21963,3
17964,21964,3
17965,21965,3
17966,21966,3
17967,21967,3
17968,21968,3
17969,21969,3
17970,21970,3
17971,21971,3
17972,21972,3
17973,21973,3
17974,21974,3
17975,21975,3
17976,21976,3
17977,21977,3
17978,21978,3
17979,21979,3
17980,21980,3
17981,21981,3
17982,21982,3
17983,21983,3
17984,21984,3
17985,21985,3
17986,21986,3
17987,21987,3
17988,21988,3
17989,21989,3
17990,21990,3
17991,21991,3
17992,21992,3
17993,21993,3
17994,21994,3
17995,21995,3
17996,21996,3
17997,21997,3
17998,21998,3
17999,21999,3
18000,22000,3
18001,22001,3
18002,22002,3
18003,22003,3
18004,22004,3
18005,22005,3
18006,22006,3
18007,22007,3
18008,22008,3
18009,22009,3
18010,22010,3
18011,22011,3
18012,22012,3
18013,22013,3
18014,22014,3
18015,22015,3
18016,22016,3
18017,22017,3
18018,22018,3
18019,22019,3
18020,22020,3
18021,22021,3
18022,22022,3
18023,22023,3
18024,22024,3
18025,22025,3
18026,22026,3
18027,22027,3
18028,22028,3
18029,22029,3
18030,22030,3
18031,22031,3
18032,22032,3
18033,22033,3
18034,22034,3
18035,22035,3
18036,22036,3
18037,22037,3
18038,22038,3
18039,22039,3
18040,22040,3
18041,22041,3
18042,22042,3
18043,22043,3
18044,22044,3
18045,22045,3
18046,22046,3
18047,22047,3
18048,22048,3
18049,22049,3
18050,22050,3
18051,22051,3
18052,22052,3
18053,22053,3
18054,22054,3
18055,22055,3
18056,22056,3
18057,22057,3
18058,22058,3
18059,22059,3
18060,22060,3
18061,22061,3
18062,22062,3
18063,22063,3
18064,22064,3
18065,22065,3
18066,22066,3
18067,22067,3
18068,22068,3
18069,22069,3
18070,22070,3
18071,22071,3
18072,22072,3
18073,22073,3
18074,22074,3
18075,22075,3
18076,22076,3
18077,22077,3
18078,22078,3
18079,22079,3
18080,22080,3
18081,22081,3
18082,22082,3
18083,22083,3
18084,22084,3
18085,22085,3
18086,22086,3
18087,22087,3
18088,22088,3
18089,22089,3
18090,22090,3
18091,22091,3
18092,22092,3
18093,22093,3
18094,22094,3
18095,22095,3
18096,22096,3
18097,22097,3
18098,22098,3
18099,22099,3
18100,22100,3
18101,22101,3
18102,22102,3
18103,22103,3
18104,22104,3
18105,22105,3
18106,22106,3
18107,22107,3
18108,22108,3
18109,22109,3
18110,22110,3
18111,22111,3
18112,22112,3
18113,22113,3
18114,22114,3
18115,22115,3
18116,22116,3
18117,22117,3
18118,22118,3
18119,22119,3
18120,22120,3
18121,22121,3
18122,22122,3
18123,22123,3
18124,22124,3
18125,22125,3
18126,22126,3
18127,22127,3
18128,22128,3
18129,22129,3
18130,22130,3
18131,22131,3
18132,22132,3
18133,22133,3
18134,22134,3
18135,22135,3
18136,22136,3
18137,22137,3
18138,22138,3
18139,22139,3
18140,22140,3
18141,22141,3
18142,22142,3
18143,22143,3
18144,22144,3
18145,22145,3
18146,22146,3
18147,22147,3
18148,22148,3
18149,22149,3
18150,22150,3
18151,22151,3
18152,22152,3
18153,22153,3
18154,22154,3
18155,22155,3
18156,22156,3
18157,22157,3
18158,22158,3
18159,22159,3
18160,22160,3
18161,22161,3
18162,22162,3
18163,22163,3
18164,22164,3
18165,22165,3
18166,22166,3
18167,22167,3
18168,22168,3
18169,22169,3
18170,22170,3
18171,22171,3
18172,22172,3
18173,22173,3
18174,22174,3
18175,22175,3
18176,22176,3
18177,22177,3
18178,22178,3
18179,22179,3
18180,22180,3
18181,22181,3
18182,22182,3
18183,22183,3
18184,22184,3
18185,22185,3
18186,22186,3
18187,22187,3
18188,22188,3
18189,22189,3
18190,22190,3
18191,22191,3
18192,22192,3
18193,22193,3
18194,22194,3
18195,22195,3
18196,22196,3
18197,22197,3
18198,22198,3
18199,22199,3
18200,22200,3
18201,22201,3
18202,22202,3
18203,22203,3
18204,22204,3
18205,22205,3
18206,22206,3
18207,22207,3
18208,22208,3
18209,22209,3
18210,22210,3
18211,22211,3
18212,22212,3
18213,22213,3
18214,22214,3
18215,22215,3
18216,22216,3
18217,22217,3
18218,22218,3
18219,22219,3
18220,22220,3
18221,22221,3
18222,22222,3
18223,22223,3
18224,22224,3
18225,22225,3
18226,22226,3
18227,22227,3
18228,22228,3
18229,22229,3
18230,22230,3
18231,22231,3
18232,22232,3
18233,22233,3
18234,22234,3
18235,22235,3
18236,22236,3
18237,22237,3
18238,22238,3
18239,22239,3
18240,22240,3
18241,22241,3
18242,22242,3
18243,22243,3
18244,22244,3
18245,22245,3
18246,22246,3
18247,22247,3
18248,22248,3
18249,22249,3
18250,22250,3
18251,22251,3
18252,22252,3
18253,22253,3
18254,22254,3
18255,22255,3
18256,22256,3
18257,22257,3
18258,22258,3
18259,22259,3
18260,22260,3
18261,22261,3
18262,22262,3
18263,22263,3
18264,22264,3
18265,22265,3
18266,22266,3
18267,22267,3
18268,22268,3
18269,22269,3
18270,22270,3
18271,22271,3
18272,22272,3
18273,22273,3
18274,22274,3
18275,22275,3
18276,22276,3
18277,22277,3
18278,22278,3
18279,22279,3
18280,22280,3
18281,22281,3
18282,22282,3
18283,22283,3
18284,22284,3
18285,22285,3
18286,22286,3
18287,22287,3
18288,22288,3
18289,22289,3
18290,22290,3
18291,22291,3
18292,22292,3
18293,22293,3
18294,22294,3
18295,22295,3
18296,22296,3
18297,22297,3
18298,22298,3
18299,22299,3
18300,22300,3
18301,22301,3
18302,22302,3
18303,22303,3
18304,22304,3
18305,22305,3
18306,22306,3
18307,22307,3
18308,22308,3
18309,22309,3
18310,22310,3
18311,22311,3
18312,22312,3
18313,22313,3
18314,22314,3
18315,22315,3
18316,22316,3
18317,22317,3
18318,22318,3
18319,22319,3
18320,22320,3
18321,22321,3
18322,22322,3
18323,22323,3
18324,22324,3
18325,22325,3
18326,22326,3
18327,22327,3
18328,22328,3
18329,22329,3
18330,22330,3
18331,22331,3
18332,22332,3
18333,22333,3
18334,22334,3
18335,22335,3
18336,22336,3
18337,22337,3
18338,22338,3
18339,22339,3
18340,22340,3
18341,22341,3
18342,22342,3
18343,22343,3
18344,22344,3
18345,22345,3
18346,22346,3
18347,22347,3
18348,22348,3
18349,22349,3
18350,22350,3
18351,22351,3
18352,22352,3
18353,22353,3
18354,22354,3
18355,22355,3
18356,22356,3
18357,22357,3
18358,22358,3
18359,22359,3
18360,22360,3
18361,22361,3
18362,22362,3
18363,22363,3
18364,22364,3
18365,22365,3
18366,22366,3
18367,22367,3
18368,22368,3
18369,22369,3
18370,22370,3
18371,22371,3
18372,22372,3
18373,22373,3
18374,22374,3
18375,22375,3
18376,22376,3
18377,22377,3
18378,22378,3
18379,22379,3
18380,22380,3
18381,22381,3
18382,22382,3
18383,22383,3
18384,22384,3
18385,22385,3
18386,22386,3
18387,22387,3
18388,22388,3
18389,22389,3
18390,22390,3
18391,22391,3
18392,22392,3
18393,22393,3
18394,22394,3
18395,22395,3
18396,22396,3
18397,22397,3
18398,22398,3
18399,22399,3
18400,22400,3
18401,22401,3
18402,22402,3
18403,22403,3
18404,22404,3
18405,22405,3
18406,22406,3
18407,22407,3
18408,22408,3
18409,22409,3
18410,22410,3
18411,22411,3
18412,22412,3
18413,22413,3
18414,22414,3
18415,22415,3
18416,22416,3
18417,22417,3
18418,22418,3
18419,22419,3
18420,22420,3
18421,22421,3
18422,22422,3
18423,22423,3
18424,22424,3
18425,22425,3
18426,22426,3
18427,22427,3
18428,22428,3
18429,22429,3
18430,22430,3
18431,22431,3
18432,22432,3
18433,22433,3
18434,22434,3
18435,22435,3
18436,22436,3
18437,22437,3
18438,22438,3
18439,22439,3
18440,22440,3
18441,22441,3
18442,22442,3
18443,22443,3
18444,22444,3
18445,22445,3
18446,22446,3
18447,22447,3
18448,22448,3
18449,22449,3
18450,22450,3
18451,22451,3
18452,22452,3
18453,22453,3
18454,22454,3
18455,22455,3
18456,22456,3
18457,22457,3
18458,22458,3
18459,22459,3
18460,22460,3
18461,22461,3
18462,22462,3
18463,22463,3
18464,22464,3
18465,22465,3
18466,22466,3
18467,22467,3
18468,22468,3
18469,22469,3
18470,22470,3
18471,22471,3
18472,22472,3
18473,22473,3
18474,22474,3
18475,22475,3
18476,22476,3
18477,22477,3
18478,22478,3
18479,22479,3
18480,22480,3
18481,22481,3
18482,22482,3
18483,22483,3
18484,22484,3
18485,22485,3
18486,22486,3
18487,22487,3
18488,22488,3
18489,22489,3
18490,22490,3
18491,22491,3
18492,22492,3
18493,22493,3
18494,22494,3
18495,22495,3
18496,22496,3
18497,22497,3
18498,22498,3
18499,22499,3
18500,22500,3
18501,22501,3
18502,22502,3
18503,22503,3
18504,22504,3
18505,22505,3
18506,22506,3
18507,22507,3
18508,22508,3
18509,22509,3
18510,22510,3
18511,22511,3
18512,22512,3
18513,22513,3
18514,22514,3
18515,22515,3
18516,22516,3
18517,22517,3
18518,22518,3
18519,22519,3
18520,22520,3
18521,22521,3
18522,22522,3
18523,22523,3
18524,22524,3
18525,22525,3
18526,22526,3
18527,22527,3
18528,22528,3
18529,22529,3
18530,22530,3
18531,22531,3
18532,22532,3
18533,22533,3
18534,22534,3
18535,22535,3
18536,22536,3
18537,22537,3
18538,22538,3
18539,22539,3
18540,22540,3
18541,22541,3
18542,22542,3
18543,22543,3
18544,22544,3
18545,22545,3
18546,22546,3
18547,22547,3
18548,22548,3
18549,22549,3
18550,22550,3
18551,22551,3
18552,22552,3
18553,22553,3
18554,22554,3
18555,22555,3
18556,22556,3
18557,22557,3
18558,22558,3
18559,22559,3
18560,22560,3
18561,22561,3
18562,22562,3
18563,22563,3
18564,22564,3
18565,22565,3
18566,22566,3
18567,22567,3
18568,22568,3
18569,22569,3
18570,22570,3
18571,22571,3
18572,22572,3
18573,22573,3
18574,22574,3
18575,22575,3
18576,22576,3
18577,22577,3
18578,22578,3
18579,22579,3
18580,22580,3
18581,22581,3
18582,22582,3
18583,22583,3
18584,22584,3
18585,22585,3
18586,22586,3
18587,22587,3
18588,22588,3
18589,22589,3
18590,22590,3
18591,22591,3
18592,22592,3
18593,22593,3
18594,22594,3
18595,22595,3
18596,22596,3
18597,22597,3
18598,22598,3
18599,22599,3
18600,22600,3
18601,22601,3
18602,22602,3
18603,22603,3
18604,22604,3
18605,22605,3
18606,22606,3
18607,22607,3
18608,22608,3
18609,22609,3
18610,22610,3
18611,22611,3
18612,22612,3
18613,22613,3
18614,22614,3
18615,22615,3
18616,22616,3
18617,22617,3
18618,22618,3
18619,22619,3
18620,22620,3
18621,22621,3
18622,22622,3
18623,22623,3
18624,22624,3
18625,22625,3
18626,22626,3
18627,22627,3
18628,22628,3
18629,22629,3
18630,22630,3
18631,22631,3
18632,22632,3
18633,22633,3
18634,22634,3
18635,22635,3
18636,22636,3
18637,22637,3
18638,22638,3
18639,22639,3
18640,22640,3
18641,22641,3
18642,22642,3
18643,22643,3
18644,22644,3
18645,22645,3
18646,22646,3
18647,22647,3
18648,22648,3
18649,22649,3
18650,22650,3
18651,22651,3
18652,22652,3
18653,22653,3
18654,22654,3
18655,22655,3
18656,22656,3
18657,22657,3
18658,22658,3
18659,22659,3
18660,22660,3
18661,22661,3
18662,22662,3
18663,22663,3
18664,22664,3
18665,22665,3
18666,22666,3
18667,22667,3
18668,22668,3
18669,22669,3
18670,22670,3
18671,22671,3
18672,22672,3
18673,22673,3
18674,22674,3
18675,22675,3
18676,22676,3
18677,22677,3
18678,22678,3
18679,22679,3
18680,22680,3
18681,22681,3
18682,22682,3
18683,22683,3
18684,22684,3
18685,22685,3
18686,22686,3
18687,22687,3
18688,22688,3
18689,22689,3
18690,22690,3
18691,22691,3
18692,22692,3
18693,22693,3
18694,22694,3
18695,22695,3
18696,22696,3
18697,22697,3
18698,22698,3
18699,22699,3
18700,22700,3
18701,22701,3
18702,22702,3
18703,22703,3
18704,22704,3
18705,22705,3
18706,22706,3
18707,22707,3
18708,22708,3
18709,22709,3
18710,22710,3
18711,22711,3
18712,22712,3
18713,22713,3
18714,22714,3
18715,22715,3
18716,22716,3
18717,22717,3
18718,22718,3
18719,22719,3
18720,22720,3
18721,22721,3
18722,22722,3
18723,22723,3
18724,22724,3
18725,22725,3
18726,22726,3
18727,22727,3
18728,22728,3
18729,22729,3
18730,22730,3
18731,22731,3
18732,22732,3
18733,22733,3
18734,22734,3
18735,22735,3
18736,22736,3
18737,22737,3
18738,22738,3
18739,22739,3
18740,22740,3
18741,22741,3
18742,22742,3
18743,22743,3
18744,22744,3
18745,22745,3
18746,22746,3
18747,22747,3
18748,22748,3
18749,22749,3
18750,22750,3
18751,22751,3
18752,22752,3
18753,22753,3
18754,22754,3
18755,22755,3
18756,22756,3
18757,22757,3
18758,22758,3
18759,22759,3
18760,22760,3
18761,22761,3
18762,22762,3
18763,22763,3
18764,22764,3
18765,22765,3
18766,22766,3
18767,22767,3
18768,22768,3
18769,22769,3
18770,22770,3
18771,22771,3
18772,22772,3
18773,22773,3
18774,22774,3
18775,22775,3
18776,22776,3
18777,22777,3
18778,22778,3
18779,22779,3
18780,22780,3
18781,22781,3
18782,22782,3
18783,22783,3
18784,22784,3
18785,22785,3
18786,22786,3
18787,22787,3
18788,22788,3
18789,22789,3
18790,22790,3
18791,22791,3
18792,22792,3
18793,22793,3
18794,22794,3
18795,22795,3
18796,22796,3
18797,22797,3
18798,22798,3
18799,22799,3
18800,22800,3
18801,22801,3
18802,22802,3
18803,22803,3
18804,22804,3
18805,22805,3
18806,22806,3
18807,22807,3
18808,22808,3
18809,22809,3
18810,22810,3
18811,22811,3
18812,22812,3
18813,22813,3
18814,22814,3
18815,22815,3
18816,22816,3
18817,22817,3
18818,22818,3
18819,22819,3
18820,22820,3
18821,22821,3
18822,22822,3
18823,22823,3
18824,22824,3
18825,22825,3
18826,22826,3
18827,22827,3
18828,22828,3
18829,22829,3
18830,22830,3
18831,22831,3
18832,22832,3
18833,22833,3
18834,22834,3
18835,22835,3
18836,22836,3
18837,22837,3
18838,22838,3
18839,22839,3
18840,22840,3
18841,22841,3
18842,22842,3
18843,22843,3
18844,22844,3
18845,22845,3
18846,22846,3
18847,22847,3
18848,22848,3
18849,22849,3
18850,22850,3
18851,22851,3
18852,22852,3
18853,22853,3
18854,22854,3
18855,22855,3
18856,22856,3
18857,22857,3
18858,22858,3
18859,22859,3
18860,22860,3
18861,22861,3
18862,22862,3
18863,22863,3
18864,22864,3
18865,22865,3
18866,22866,3
18867,22867,3
18868,22868,3
18869,22869,3
18870,22870,3
18871,22871,3
18872,22872,3
18873,22873,3
18874,22874,3
18875,22875,3
18876,22876,3
18877,22877,3
18878,22878,3
18879,22879,3
18880,22880,3
18881,22881,3
18882,22882,3
18883,22883,3
18884,22884,3
18885,22885,3
18886,22886,3
18887,22887,3
18888,22888,3
18889,22889,3
18890,22890,3
18891,22891,3
18892,22892,3
18893,22893,3
18894,22894,3
18895,22895,3
18896,22896,3
18897,22897,3
18898,22898,3
18899,22899,3
18900,22900,3
18901,22901,3
18902,22902,3
18903,22903,3
18904,22904,3
18905,22905,3
18906,22906,3
18907,22907,3
18908,22908,3
18909,22909,3
18910,22910,3
18911,22911,3
18912,22912,3
18913,22913,3
18914,22914,3
18915,22915,3
18916,22916,3
18917,22917,3
18918,22918,3
18919,22919,3
18920,22920,3
18921,22921,3
18922,22922,3
18923,22923,3
18924,22924,3
18925,22925,3
18926,22926,3
18927,22927,3
18928,22928,3
18929,22929,3
18930,22930,3
18931,22931,3
18932,22932,3
18933,22933,3
18934,22934,3
18935,22935,3
18936,22936,3
18937,22937,3
18938,22938,3
18939,22939,3
18940,22940,3
18941,22941,3
18942,22942,3
18943,22943,3
18944,22944,3
18945,22945,3
18946,22946,3
18947,22947,3
18948,22948,3
18949,22949,3
18950,22950,3
18951,22951,3
18952,22952,3
18953,22953,3
18954,22954,3
18955,22955,3
18956,22956,3
18957,22957,3
18958,22958,3
18959,22959,3
18960,22960,3
18961,22961,3
18962,22962,3
18963,22963,3
18964,22964,3
18965,22965,3
18966,22966,3
18967,22967,3
18968,22968,3
18969,22969,3
18970,22970,3
18971,22971,3
18972,22972,3
18973,22973,3
18974,22974,3
18975,22975,3
18976,22976,3
18977,22977,3
18978,22978,3
18979,22979,3
18980,22980,3
18981,22981,3
18982,22982,3
18983,22983,3
18984,22984,3
18985,22985,3
18986,22986,3
18987,22987,3
18988,22988,3
18989,22989,3
18990,22990,3
18991,22991,3
18992,22992,3
18993,22993,3
18994,22994,3
18995,22995,3
18996,22996,3
18997,22997,3
18998,22998,3
18999,22999,3
19000,23000,3
19001,23001,3
19002,23002,3
19003,23003,3
19004,23004,3
19005,23005,3
19006,23006,3
19007,23007,3
19008,23008,3
19009,23009,3
19010,23010,3
19011,23011,3
19012,23012,3
19013,23013,3
19014,23014,3
19015,23015,3
19016,23016,3
19017,23017,3
19018,23018,3
19019,23019,3
19020,23020,3
19021,23021,3
19022,23022,3
19023,23023,3
19024,23024,3
19025,23025,3
19026,23026,3
19027,23027,3
19028,23028,3
19029,23029,3
19030,23030,3
19031,23031,3
19032,23032,3
19033,23033,3
19034,23034,3
19035,23035,3
19036,23036,3
19037,23037,3
19038,23038,3
19039,23039,3
19040,23040,3
19041,23041,3
19042,23042,3
19043,23043,3
19044,23044,3
19045,23045,3
19046,23046,3
19047,23047,3
19048,23048,3
19049,23049,3
19050,23050,3
19051,23051,3
19052,23052,3
19053,23053,3
19054,23054,3
19055,23055,3
19056,23056,3
19057,23057,3
19058,23058,3
19059,23059,3
19060,23060,3
19061,23061,3
19062,23062,3
19063,23063,3
19064,23064,3
19065,23065,3
19066,23066,3
19067,23067,3
19068,23068,3
19069,23069,3
19070,23070,3
19071,23071,3
19072,23072,3
19073,23073,3
19074,23074,3
19075,23075,3
19076,23076,3
19077,23077,3
19078,23078,3
19079,23079,3
19080,23080,3
19081,23081,3
19082,23082,3
19083,23083,3
19084,23084,3
19085,23085,3
19086,23086,3
19087,23087,3
19088,23088,3
19089,23089,3
19090,23090,3
19091,23091,3
19092,23092,3
19093,23093,3
19094,23094,3
19095,23095,3
19096,23096,3
19097,23097,3
19098,23098,3
19099,23099,3
19100,23100,3
19101,23101,3
19102,23102,3
19103,23103,3
19104,23104,3
19105,23105,3
19106,23106,3
19107,23107,3
19108,23108,3
19109,23109,3
19110,23110,3
19111,23111,3
19112,23112,3
19113,23113,3
19114,23114,3
19115,23115,3
19116,23116,3
19117,23117,3
19118,23118,3
19119,23119,3
19120,23120,3
19121,23121,3
19122,23122,3
19123,23123,3
19124,23124,3
19125,23125,3
19126,23126,3
19127,23127,3
19128,23128,3
19129,23129,3
19130,23130,3
19131,23131,3
19132,23132,3
19133,23133,3
19134,23134,3
19135,23135,3
19136,23136,3
19137,23137,3
19138,23138,3
19139,23139,3
19140,23140,3
19141,23141,3
19142,23142,3
19143,23143,3
19144,23144,3
19145,23145,3
19146,23146,3
19147,23147,3
19148,23148,3
19149,23149,3
19150,23150,3
19151,23151,3
19152,23152,3
19153,23153,3
19154,23154,3
19155,23155,3
19156,23156,3
19157,23157,3
19158,23158,3
19159,23159,3
19160,23160,3
19161,23161,3
19162,23162,3
19163,23163,3
19164,23164,3
19165,23165,3
19166,23166,3
19167,23167,3
19168,23168,3
19169,23169,3
19170,23170,3
19171,23171,3
19172,23172,3
19173,23173,3
19174,23174,3
19175,23175,3
19176,23176,3
19177,23177,3
19178,23178,3
19179,23179,3
19180,23180,3
19181,23181,3
19182,23182,3
19183,23183,3
19184,23184,3
19185,23185,3
19186,23186,3
19187,23187,3
19188,23188,3
19189,23189,3
19190,23190,3
19191,23191,3
19192,23192,3
19193,23193,3
19194,23194,3
19195,23195,3
19196,23196,3
19197,23197,3
19198,23198,3
19199,23199,3
19200,23200,3
19201,23201,3
19202,23202,3
19203,23203,3
19204,23204,3
19205,23205,3
19206,23206,3
19207,23207,3
19208,23208,3
19209,23209,3
19210,23210,3
19211,23211,3
19212,23212,3
19213,23213,3
19214,23214,3
19215,23215,3
19216,23216,3
19217,23217,3
19218,23218,3
19219,23219,3
19220,23220,3
19221,23221,3
19222,23222,3
19223,23223,3
19224,23224,3
19225,23225,3
19226,23226,3
19227,23227,3
19228,23228,3
19229,23229,3
19230,23230,3
19231,23231,3
19232,23232,3
19233,23233,3
19234,23234,3
19235,23235,3
19236,23236,3
19237,23237,3
19238,23238,3
19239,23239,3
19240,23240,3
19241,23241,3
19242,23242,3
19243,23243,3
19244,23244,3
19245,23245,3
19246,23246,3
19247,23247,3
19248,23248,3
19249,23249,3
19250,23250,3
19251,23251,3
19252,23252,3
19253,23253,3
19254,23254,3
19255,23255,3
19256,23256,3
19257,23257,3
19258,23258,3
19259,23259,3
19260,23260,3
19261,23261,3
19262,23262,3
19263,23263,3
19264,23264,3
19265,23265,3
19266,23266,3
19267,23267,3
19268,23268,3
19269,23269,3
19270,23270,3
19271,23271,3
19272,23272,3
19273,23273,3
19274,23274,3
19275,23275,3
19276,23276,3
19277,23277,3
19278,23278,3
19279,23279,3
19280,23280,3
19281,23281,3
19282,23282,3
19283,23283,3
19284,23284,3
19285,23285,3
19286,23286,3
19287,23287,3
19288,23288,3
19289,23289,3
19290,23290,3
19291,23291,3
19292,23292,3
19293,23293,3
19294,23294,3
19295,23295,3
19296,23296,3
19297,23297,3
19298,23298,3
19299,23299,3
19300,23300,3
19301,23301,3
19302,23302,3
19303,23303,3
19304,23304,3
19305,23305,3
19306,23306,3
19307,23307,3
19308,23308,3
19309,23309,3
19310,23310,3
19311,23311,3
19312,23312,3
19313,23313,3
19314,23314,3
19315,23315,3
19316,23316,3
19317,23317,3
19318,23318,3
19319,23319,3
19320,23320,3
19321,23321,3
19322,23322,3
19323,23323,3
19324,23324,3
19325,23325,3
19326,23326,3
19327,23327,3
19328,23328,3
19329,23329,3
19330,23330,3
19331,23331,3
19332,23332,3
19333,23333,3
19334,23334,3
19335,23335,3
19336,23336,3
19337,23337,3
19338,23338,3
19339,23339,3
19340,23340,3
19341,23341,3
19342,23342,3
19343,23343,3
19344,23344,3
19345,23345,3
19346,23346,3
19347,23347,3
19348,23348,3
19349,23349,3
19350,23350,3
19351,23351,3
19352,23352,3
19353,23353,3
19354,23354,3
19355,23355,3
19356,23356,3
19357,23357,3
19358,23358,3
19359,23359,3
19360,23360,3
19361,23361,3
19362,23362,3
19363,23363,3
19364,23364,3
19365,23365,3
19366,23366,3
19367,23367,3
19368,23368,3
19369,23369,3
19370,23370,3
19371,23371,3
19372,23372,3
19373,23373,3
19374,23374,3
19375,23375,3
19376,23376,3
19377,23377,3
19378,23378,3
19379,23379,3
19380,23380,3
19381,23381,3
19382,23382,3
19383,23383,3
19384,23384,3
19385,23385,3
19386,23386,3
19387,23387,3
19388,23388,3
19389,23389,3
19390,23390,3
19391,23391,3
19392,23392,3
19393,23393,3
19394,23394,3
19395,23395,3
19396,23396,3
19397,23397,3
19398,23398,3
19399,23399,3
19400,23400,3
19401,23401,3
19402,23402,3
19403,23403,3
19404,23404,3
19405,23405,3
19406,23406,3
19407,23407,3
19408,23408,3
19409,23409,3
19410,23410,3
19411,23411,3
19412,23412,3
19413,23413,3
19414,23414,3
19415,23415,3
19416,23416,3
19417,23417,3
19418,23418,3
19419,23419,3
19420,23420,3
19421,23421,3
19422,23422,3
19423,23423,3
19424,23424,3
19425,23425,3
19426,23426,3
19427,23427,3
19428,23428,3
19429,23429,3
19430,23430,3
19431,23431,3
19432,23432,3
19433,23433,3
19434,23434,3
19435,23435,3
19436,23436,3
19437,23437,3
19438,23438,3
19439,23439,3
19440,23440,3
19441,23441,3
19442,23442,3
19443,23443,3
19444,23444,3
19445,23445,3
19446,23446,3
19447,23447,3
19448,23448,3
19449,23449,3
19450,23450,3
19451,23451,3
19452,23452,3
19453,23453,3
19454,23454,3
19455,23455,3
19456,23456,3
19457,23457,3
19458,23458,3
19459,23459,3
19460,23460,3
19461,23461,3
19462,23462,3
19463,23463,3
19464,23464,3
19465,23465,3
19466,23466,3
19467,23467,3
19468,23468,3
19469,23469,3
19470,23470,3
19471,23471,3
19472,23472,3
19473,23473,3
19474,23474,3
19475,23475,3
19476,23476,3
19477,23477,3
19478,23478,3
19479,23479,3
19480,23480,3
19481,23481,3
19482,23482,3
19483,23483,3
19484,23484,3
19485,23485,3
19486,23486,3
19487,23487,3
19488,23488,3
19489,23489,3
19490,23490,3
19491,23491,3
19492,23492,3
19493,23493,3
19494,23494,3
19495,23495,3
19496,23496,3
19497,23497,3
19498,23498,3
19499,23499,3
19500,23500,3
19501,23501,3
19502,23502,3
19503,23503,3
19504,23504,3
19505,23505,3
19506,23506,3
19507,23507,3
19508,23508,3
19509,23509,3
19510,23510,3
19511,23511,3
19512,23512,3
19513,23513,3
19514,23514,3
19515,23515,3
19516,23516,3
19517,23517,3
19518,23518,3
19519,23519,3
19520,23520,3
19521,23521,3
19522,23522,3
19523,23523,3
19524,23524,3
19525,23525,3
19526,23526,3
19527,23527,3
19528,23528,3
19529,23529,3
19530,23530,3
19531,23531,3
19532,23532,3
19533,23533,3
19534,23534,3
19535,23535,3
19536,23536,3
19537,23537,3
19538,23538,3
19539,23539,3
19540,23540,3
19541,23541,3
19542,23542,3
19543,23543,3
19544,23544,3
19545,23545,3
19546,23546,3
19547,23547,3
19548,23548,3
19549,23549,3
19550,23550,3
19551,23551,3
19552,23552,3
19553,23553,3
19554,23554,3
19555,23555,3
19556,23556,3
19557,23557,3
19558,23558,3
19559,23559,3
19560,23560,3
19561,23561,3
19562,23562,3
19563,23563,3
19564,23564,3
19565,23565,3
19566,23566,3
19567,23567,3
19568,23568,3
19569,23569,3
19570,23570,3
19571,23571,3
19572,23572,3
19573,23573,3
19574,23574,3
19575,23575,3
19576,23576,3
19577,23577,3
19578,23578,3
19579,23579,3
19580,23580,3
19581,23581,3
19582,23582,3
19583,23583,3
19584,23584,3
19585,23585,3
19586,23586,3
19587,23587,3
19588,23588,3
19589,23589,3
19590,23590,3
19591,23591,3
19592,23592,3
19593,23593,3
19594,23594,3
19595,23595,3
19596,23596,3
19597,23597,3
19598,23598,3
19599,23599,3
19600,23600,3
19601,23601,3
19602,23602,3
19603,23603,3
19604,23604,3
19605,23605,3
19606,23606,3
19607,23607,3
19608,23608,3
19609,23609,3
19610,23610,3
19611,23611,3
19612,23612,3
19613,23613,3
19614,23614,3
19615,23615,3
19616,23616,3
19617,23617,3
19618,23618,3
19619,23619,3
19620,23620,3
19621,23621,3
19622,23622,3
19623,23623,3
19624,23624,3
19625,23625,3
19626,23626,3
19627,23627,3
19628,23628,3
19629,23629,3
19630,23630,3
19631,23631,3
19632,23632,3
19633,23633,3
19634,23634,3
19635,23635,3
19636,23636,3
19637,23637,3
19638,23638,3
19639,23639,3
19640,23640,3
19641,23641,3
19642,23642,3
19643,23643,3
19644,23644,3
19645,23645,3
19646,23646,3
19647,23647,3
19648,23648,3
19649,23649,3
19650,23650,3
19651,23651,3
19652,23652,3
19653,23653,3
19654,23654,3
19655,23655,3
19656,23656,3
19657,23657,3
19658,23658,3
19659,23659,3
19660,23660,3
19661,23661,3
19662,23662,3
19663,23663,3
19664,23664,3
19665,23665,3
19666,23666,3
19667,23667,3
19668,23668,3
19669,23669,3
19670,23670,3
19671,23671,3
19672,23672,3
19673,23673,3
19674,23674,3
19675,23675,3
19676,23676,3
19677,23677,3
19678,23678,3
19679,23679,3
19680,23680,3
19681,23681,3
19682,23682,3
19683,23683,3
19684,23684,3
19685,23685,3
19686,23686,3
19687,23687,3
19688,23688,3
19689,23689,3
19690,23690,3
19691,23691,3
19692,23692,3
19693,23693,3
19694,23694,3
19695,23695,3
19696,23696,3
19697,23697,3
19698,23698,3
19699,23699,3
19700,23700,3
19701,23701,3
19702,23702,3
19703,23703,3
19704,23704,3
19705,23705,3
19706,23706,3
19707,23707,3
19708,23708,3
19709,23709,3
19710,23710,3
19711,23711,3
19712,23712,3
19713,23713,3
19714,23714,3
19715,23715,3
19716,23716,3
19717,23717,3
19718,23718,3
19719,23719,3
19720,23720,3
19721,23721,3
19722,23722,3
19723,23723,3
19724,23724,3
19725,23725,3
19726,23726,3
19727,23727,3
19728,23728,3
19729,23729,3
19730,23730,3
19731,23731,3
19732,23732,3
19733,23733,3
19734,23734,3
19735,23735,3
19736,23736,3
19737,23737,3
19738,23738,3
19739,23739,3
19740,23740,3
19741,23741,3
19742,23742,3
19743,23743,3
19744,23744,3
19745,23745,3
19746,23746,3
19747,23747,3
19748,23748,3
19749,23749,3
19750,23750,3
19751,23751,3
19752,23752,3
19753,23753,3
19754,23754,3
19755,23755,3
19756,23756,3
19757,23757,3
19758,23758,3
19759,23759,3
19760,23760,3
19761,23761,3
19762,23762,3
19763,23763,3
19764,23764,3
19765,23765,3
19766,23766,3
19767,23767,3
19768,23768,3
19769,23769,3
19770,23770,3
19771,23771,3
19772,23772,3
19773,23773,3
19774,23774,3
19775,23775,3
19776,23776,3
19777,23777,3
19778,23778,3
19779,23779,3
19780,23780,3
19781,23781,3
19782,23782,3
19783,23783,3
19784,23784,3
19785,23785,3
19786,23786,3
19787,23787,3
19788,23788,3
19789,23789,3
19790,23790,3
19791,23791,3
19792,23792,3
19793,23793,3
19794,23794,3
19795,23795,3
19796,23796,3
19797,23797,3
19798,23798,3
19799,23799,3
19800,23800,3
19801,23801,3
19802,23802,3
19803,23803,3
19804,23804,3
19805,23805,3
19806,23806,3
19807,23807,3
19808,23808,3
19809,23809,3
19810,23810,3
19811,23811,3
19812,23812,3
19813,23813,3
19814,23814,3
19815,23815,3
19816,23816,3
19817,23817,3
19818,23818,3
19819,23819,3
19820,23820,3
19821,23821,3
19822,23822,3
19823,23823,3
19824,23824,3
19825,23825,3
19826,23826,3
19827,23827,3
19828,23828,3
19829,23829,3
19830,23830,3
19831,23831,3
19832,23832,3
19833,23833,3
19834,23834,3
19835,23835,3
19836,23836,3
19837,23837,3
19838,23838,3
19839,23839,3
19840,23840,3
19841,23841,3
19842,23842,3
19843,23843,3
19844,23844,3
19845,23845,3
19846,23846,3
19847,23847,3
19848,23848,3
19849,23849,3
19850,23850,3
19851,23851,3
19852,23852,3
19853,23853,3
19854,23854,3
19855,23855,3
19856,23856,3
19857,23857,3
19858,23858,3
19859,23859,3
19860,23860,3
19861,23861,3
19862,23862,3
19863,23863,3
19864,23864,3
19865,23865,3
19866,23866,3
19867,23867,3
19868,23868,3
19869,23869,3
19870,23870,3
19871,23871,3
19872,23872,3
19873,23873,3
19874,23874,3
19875,23875,3
19876,23876,3
19877,23877,3
19878,23878,3
19879,23879,3
19880,23880,3
19881,23881,3
19882,23882,3
19883,23883,3
19884,23884,3
19885,23885,3
19886,23886,3
19887,23887,3
19888,23888,3
19889,23889,3
19890,23890,3
19891,23891,3
19892,23892,3
19893,23893,3
19894,23894,3
19895,23895,3
19896,23896,3
19897,23897,3
19898,23898,3
19899,23899,3
19900,23900,3
19901,23901,3
19902,23902,3
19903,23903,3
19904,23904,3
19905,23905,3
19906,23906,3
19907,23907,3
19908,23908,3
19909,23909,3
19910,23910,3
19911,23911,3
19912,23912,3
19913,23913,3
19914,23914,3
19915,23915,3
19916,23916,3
19917,23917,3
19918,23918,3
19919,23919,3
19920,23920,3
19921,23921,3
19922,23922,3
19923,23923,3
19924,23924,3
19925,23925,3
19926,23926,3
19927,23927,3
19928,23928,3
19929,23929,3
19930,23930,3
19931,23931,3
19932,23932,3
19933,23933,3
19934,23934,3
19935,23935,3
19936,23936,3
19937,23937,3
19938,23938,3
19939,23939,3
19940,23940,3
19941,23941,3
19942,23942,3
19943,23943,3
19944,23944,3
19945,23945,3
19946,23946,3
19947,23947,3
19948,23948,3
19949,23949,3
19950,23950,3
19951,23951,3
19952,23952,3
19953,23953,3
19954,23954,3
19955,23955,3
19956,23956,3
19957,23957,3
19958,23958,3
19959,23959,3
19960,23960,3
19961,23961,3
19962,23962,3
19963,23963,3
19964,23964,3
19965,23965,3
19966,23966,3
19967,23967,3
19968,23968,3
19969,23969,3
19970,23970,3
19971,23971,3
19972,23972,3
19973,23973,3
19974,23974,3
19975,23975,3
19976,23976,3
19977,23977,3
19978,23978,3
19979,23979,3
19980,23980,3
19981,23981,3
19982,23982,3
19983,23983,3
19984,23984,3
19985,23985,3
19986,23986,3
19987,23987,3
19988,23988,3
19989,23989,3
19990,23990,3
19991,23991,3
19992,23992,3
19993,23993,3
19994,23994,3
19995,23995,3
19996,23996,3
19997,23997,3
19998,23998,3
19999,23999,3
